-- phpMyAdmin SQL Dump
-- version 4.6.1
-- http://www.phpmyadmin.net
--
-- Хост: 212.22.93.13
-- Время создания: Окт 31 2020 г., 15:08
-- Версия сервера: 5.5.59-0+deb8u1
-- Версия PHP: 5.5.33-1~dotdeb+7.1

SET SQL_MODE = "NO_AUTO_VALUE_ON_ZERO";
SET time_zone = "+00:00";


/*!40101 SET @OLD_CHARACTER_SET_CLIENT=@@CHARACTER_SET_CLIENT */;
/*!40101 SET @OLD_CHARACTER_SET_RESULTS=@@CHARACTER_SET_RESULTS */;
/*!40101 SET @OLD_COLLATION_CONNECTION=@@COLLATION_CONNECTION */;
/*!40101 SET NAMES utf8mb4 */;

--
-- База данных: `nilzjciu_33518`
--

-- --------------------------------------------------------

--
-- Структура таблицы `accounts`
--

CREATE TABLE `accounts` (
  `pass` varchar(255) NOT NULL,
  `admin` int(11) NOT NULL DEFAULT '0',
  `teamcolor` int(11) NOT NULL DEFAULT '-1',
  `login` varchar(255) NOT NULL
) ENGINE=InnoDB DEFAULT CHARSET=cp1251;

--
-- Дамп данных таблицы `accounts`
--

INSERT INTO `accounts` (`pass`, `admin`, `teamcolor`, `login`) VALUES
('', 1, -1, 'Admin'),
('D0970714757783E6CF17B26FB8E2298F', 0, 1, 'Dimak'),
('350DB081A661525235354DD3E19B8C05', 0, 0, 'Vovak');

-- --------------------------------------------------------

--
-- Структура таблицы `armor_seller`
--

CREATE TABLE `armor_seller` (
  `ID` int(11) NOT NULL,
  `ItemID` int(11) NOT NULL
) ENGINE=InnoDB DEFAULT CHARSET=cp1251;

--
-- Дамп данных таблицы `armor_seller`
--

INSERT INTO `armor_seller` (`ID`, `ItemID`) VALUES
(0, 82),
(1, 137),
(2, 88),
(3, 143),
(4, 94),
(5, 149),
(6, 100),
(7, 155),
(8, 106),
(9, 161),
(10, 112),
(11, 167),
(12, 118),
(13, 173),
(14, 124),
(15, 179),
(16, 130),
(17, 185);

-- --------------------------------------------------------

--
-- Структура таблицы `bosses`
--

CREATE TABLE `bosses` (
  `ID` int(11) NOT NULL DEFAULT '-1',
  `Grade` int(11) NOT NULL DEFAULT '1',
  `Name` varchar(255) NOT NULL,
  `RespawnTime` int(11) NOT NULL DEFAULT '0',
  `DamageMin` int(11) NOT NULL,
  `DamageMax` int(11) NOT NULL,
  `Defense` int(11) NOT NULL,
  `Accuracy` int(11) NOT NULL,
  `Dodge` int(11) NOT NULL,
  `HP` int(11) NOT NULL
) ENGINE=InnoDB DEFAULT CHARSET=cp1251;

--
-- Дамп данных таблицы `bosses`
--

INSERT INTO `bosses` (`ID`, `Grade`, `Name`, `RespawnTime`, `DamageMin`, `DamageMax`, `Defense`, `Accuracy`, `Dodge`, `HP`) VALUES
(0, 1, 'Едемский', 0, 23, 31, 125, 20, 15, 3000),
(1, 2, 'Заводчанин', 0, 34, 40, 727, 40, 35, 5000),
(2, 3, 'Максимус', 0, 69, 82, 1499, 60, 45, 9000),
(3, 4, 'Шажок Всемогущий', 0, 184, 259, 2910, 80, 60, 14000),
(4, 5, 'Буржуа', 0, 380, 679, 4190, 160, 140, 20000);

-- --------------------------------------------------------

--
-- Структура таблицы `combinations`
--

CREATE TABLE `combinations` (
  `ID` int(11) NOT NULL DEFAULT '0',
  `Item1_ID` int(11) NOT NULL DEFAULT '-1',
  `Item1_Count` int(11) NOT NULL DEFAULT '0',
  `Item2_ID` int(11) NOT NULL DEFAULT '-1',
  `Item2_Count` int(11) NOT NULL DEFAULT '0',
  `Item3_ID` int(11) NOT NULL DEFAULT '-1',
  `Item3_Count` int(11) NOT NULL DEFAULT '0',
  `ResultID` int(11) NOT NULL DEFAULT '-1',
  `ResultCount` int(11) NOT NULL DEFAULT '0',
  `Price` int(11) NOT NULL DEFAULT '0',
  `Chance` int(11) NOT NULL DEFAULT '0'
) ENGINE=InnoDB DEFAULT CHARSET=cp1251;

--
-- Дамп данных таблицы `combinations`
--

INSERT INTO `combinations` (`ID`, `Item1_ID`, `Item1_Count`, `Item2_ID`, `Item2_Count`, `Item3_ID`, `Item3_Count`, `ResultID`, `ResultCount`, `Price`, `Chance`) VALUES
(0, 1, 1, 290, 5, -1, 0, 2, 1, 10, 95),
(1, 9, 1, 290, 10, -1, 0, 10, 1, 50, 90),
(2, 17, 1, 290, 15, -1, 0, 18, 1, 100, 84),
(3, 25, 1, 290, 20, -1, 0, 26, 1, 200, 77),
(4, 33, 1, 290, 25, -1, 0, 34, 1, 500, 70),
(5, 41, 1, 290, 30, -1, 0, 42, 1, 1000, 61),
(6, 49, 1, 290, 30, -1, 0, 50, 1, 1000, 61),
(7, 57, 1, 290, 40, -1, 0, 58, 1, 2500, 51),
(8, 65, 1, 290, 50, -1, 0, 66, 1, 5000, 40),
(9, 73, 1, 290, 70, -1, 0, 74, 1, 10000, 25),
(10, 82, 1, 290, 5, -1, 0, 83, 1, 10, 95),
(11, 88, 1, 290, 10, -1, 0, 89, 1, 50, 90),
(12, 94, 1, 290, 15, -1, 0, 95, 1, 100, 84),
(13, 100, 1, 290, 20, -1, 0, 101, 1, 200, 77),
(14, 106, 1, 290, 25, -1, 0, 107, 1, 500, 70),
(15, 112, 1, 290, 30, -1, 0, 118, 1, 1000, 61),
(16, 118, 1, 290, 40, -1, 0, 119, 1, 2500, 51),
(17, 124, 1, 290, 50, -1, 0, 125, 1, 5000, 40),
(18, 130, 1, 290, 70, -1, 0, 131, 1, 10000, 25),
(19, 2, 1, 292, 5, -1, 0, 3, 1, 500, 60),
(20, 2, 1, 295, 5, -1, 0, 4, 1, 500, 60),
(21, 2, 1, 296, 5, -1, 0, 5, 1, 500, 60),
(22, 2, 1, 291, 5, -1, 0, 6, 1, 500, 60),
(23, 2, 1, 293, 5, -1, 0, 7, 1, 500, 60),
(24, 2, 1, 294, 5, -1, 0, 8, 1, 500, 60),
(25, 10, 1, 292, 10, -1, 0, 11, 1, 2000, 55),
(26, 10, 1, 295, 10, -1, 0, 12, 1, 2000, 55),
(27, 10, 1, 296, 10, -1, 0, 13, 1, 2000, 55),
(28, 10, 1, 291, 10, -1, 0, 14, 1, 2000, 55),
(29, 10, 1, 293, 10, -1, 0, 15, 1, 2000, 55),
(30, 10, 1, 294, 10, -1, 0, 16, 1, 2000, 55),
(31, 18, 1, 292, 15, -1, 0, 19, 1, 4000, 48),
(32, 18, 1, 295, 15, -1, 0, 20, 1, 4000, 48),
(33, 18, 1, 296, 15, -1, 0, 21, 1, 4000, 48),
(34, 18, 1, 291, 15, -1, 0, 22, 1, 4000, 48),
(35, 18, 1, 293, 15, -1, 0, 23, 1, 4000, 48),
(36, 18, 1, 294, 15, -1, 0, 24, 1, 4000, 48),
(37, 26, 1, 292, 20, -1, 0, 27, 1, 10000, 40),
(38, 26, 1, 295, 20, -1, 0, 28, 1, 10000, 40),
(39, 26, 1, 296, 20, -1, 0, 29, 1, 10000, 40),
(40, 26, 1, 291, 20, -1, 0, 30, 1, 10000, 40),
(41, 26, 1, 293, 20, -1, 0, 31, 1, 10000, 40),
(42, 26, 1, 294, 20, -1, 0, 32, 1, 10000, 40),
(43, 34, 1, 292, 25, -1, 0, 35, 1, 13500, 31),
(44, 34, 1, 295, 25, -1, 0, 36, 1, 13500, 31),
(45, 34, 1, 296, 25, -1, 0, 37, 1, 13500, 31),
(46, 34, 1, 291, 25, -1, 0, 38, 1, 13500, 31),
(47, 34, 1, 293, 25, -1, 0, 39, 1, 13500, 31),
(48, 34, 1, 294, 25, -1, 0, 40, 1, 13500, 31),
(49, 42, 1, 292, 30, -1, 0, 43, 1, 20000, 23),
(50, 42, 1, 295, 30, -1, 0, 44, 1, 20000, 23),
(51, 42, 1, 296, 30, -1, 0, 45, 1, 20000, 23),
(52, 42, 1, 291, 30, -1, 0, 46, 1, 20000, 23),
(53, 42, 1, 293, 30, -1, 0, 47, 1, 20000, 23),
(54, 42, 1, 294, 30, -1, 0, 48, 1, 20000, 23),
(55, 50, 1, 292, 30, -1, 0, 51, 1, 20000, 23),
(56, 50, 1, 295, 30, -1, 0, 52, 1, 20000, 23),
(57, 50, 1, 296, 30, -1, 0, 53, 1, 20000, 23),
(58, 50, 1, 291, 30, -1, 0, 54, 1, 20000, 23),
(59, 50, 1, 293, 30, -1, 0, 55, 1, 20000, 23),
(60, 50, 1, 294, 30, -1, 0, 56, 1, 20000, 23),
(61, 58, 1, 292, 40, -1, 0, 59, 1, 40000, 18),
(62, 58, 1, 295, 40, -1, 0, 60, 1, 40000, 18),
(63, 58, 1, 296, 40, -1, 0, 61, 1, 40000, 18),
(64, 58, 1, 291, 40, -1, 0, 62, 1, 40000, 18),
(65, 58, 1, 293, 40, -1, 0, 63, 1, 40000, 18),
(66, 58, 1, 294, 40, -1, 0, 64, 1, 40000, 18),
(67, 66, 1, 292, 50, -1, 0, 67, 1, 60000, 14),
(68, 66, 1, 295, 50, -1, 0, 68, 1, 60000, 14),
(69, 66, 1, 296, 50, -1, 0, 69, 1, 60000, 14),
(70, 66, 1, 291, 50, -1, 0, 70, 1, 60000, 14),
(71, 66, 1, 293, 50, -1, 0, 71, 1, 60000, 14),
(72, 66, 1, 294, 50, -1, 0, 72, 1, 60000, 14),
(73, 74, 1, 292, 70, -1, 0, 75, 1, 85000, 9),
(74, 74, 1, 295, 70, -1, 0, 76, 1, 85000, 9),
(75, 74, 1, 296, 70, -1, 0, 77, 1, 85000, 9),
(76, 74, 1, 291, 70, -1, 0, 78, 1, 85000, 9),
(77, 74, 1, 293, 70, -1, 0, 79, 1, 85000, 9),
(78, 74, 1, 294, 70, -1, 0, 80, 1, 85000, 9),
(79, 83, 1, 292, 5, -1, 0, 84, 1, 500, 60),
(80, 83, 1, 295, 5, -1, 0, 85, 1, 500, 60),
(81, 83, 1, 296, 5, -1, 0, 86, 1, 500, 60),
(82, 83, 1, 291, 5, -1, 0, 87, 1, 500, 60),
(85, 89, 1, 292, 10, -1, 0, 90, 1, 2000, 55),
(86, 89, 1, 295, 10, -1, 0, 91, 1, 2000, 55),
(87, 89, 1, 296, 10, -1, 0, 92, 1, 2000, 55),
(88, 89, 1, 291, 10, -1, 0, 93, 1, 2000, 55),
(91, 95, 1, 292, 15, -1, 0, 96, 1, 4000, 48),
(92, 95, 1, 295, 15, -1, 0, 97, 1, 4000, 48),
(93, 95, 1, 296, 15, -1, 0, 98, 1, 4000, 48),
(94, 95, 1, 291, 15, -1, 0, 99, 1, 4000, 48),
(97, 101, 1, 292, 20, -1, 0, 102, 1, 10000, 40),
(98, 101, 1, 295, 20, -1, 0, 103, 1, 10000, 40),
(99, 101, 1, 296, 20, -1, 0, 104, 1, 10000, 40),
(100, 101, 1, 291, 20, -1, 0, 105, 1, 10000, 40),
(103, 107, 1, 292, 25, -1, 0, 108, 1, 13500, 31),
(104, 107, 1, 295, 25, -1, 0, 109, 1, 13500, 31),
(105, 107, 1, 296, 25, -1, 0, 110, 1, 13500, 31),
(106, 107, 1, 291, 25, -1, 0, 111, 1, 13500, 31),
(109, 113, 1, 292, 30, -1, 0, 114, 1, 20000, 23),
(110, 113, 1, 295, 30, -1, 0, 115, 1, 20000, 23),
(111, 113, 1, 296, 30, -1, 0, 116, 1, 20000, 23),
(112, 113, 1, 291, 30, -1, 0, 117, 1, 20000, 23),
(115, 119, 1, 292, 40, -1, 0, 120, 1, 40000, 18),
(116, 119, 1, 295, 40, -1, 0, 121, 1, 40000, 18),
(117, 119, 1, 296, 40, -1, 0, 122, 1, 40000, 18),
(118, 119, 1, 291, 40, -1, 0, 123, 1, 40000, 18),
(121, 125, 1, 292, 50, -1, 0, 126, 1, 60000, 14),
(122, 125, 1, 295, 50, -1, 0, 127, 1, 60000, 14),
(123, 125, 1, 296, 50, -1, 0, 128, 1, 60000, 14),
(124, 125, 1, 291, 50, -1, 0, 129, 1, 60000, 14),
(127, 131, 1, 292, 70, -1, 0, 132, 1, 85000, 9),
(128, 131, 1, 295, 70, -1, 0, 133, 1, 85000, 9),
(129, 131, 1, 296, 70, -1, 0, 134, 1, 85000, 9),
(130, 131, 1, 291, 70, -1, 0, 135, 1, 85000, 9),
(131, 137, 1, 290, 5, -1, 0, 138, 1, 10, 95),
(132, 137, 1, 290, 10, -1, 0, 144, 1, 50, 90),
(133, 137, 1, 290, 15, -1, 0, 150, 1, 100, 84),
(134, 137, 1, 290, 20, -1, 0, 156, 1, 200, 77),
(135, 137, 1, 290, 25, -1, 0, 162, 1, 500, 70),
(136, 137, 1, 290, 30, -1, 0, 168, 1, 1000, 61),
(137, 137, 1, 290, 40, -1, 0, 174, 1, 2500, 51),
(138, 137, 1, 290, 50, -1, 0, 180, 1, 5000, 40),
(139, 137, 1, 290, 70, -1, 0, 186, 1, 10000, 25),
(140, 297, 3, 306, 10, 305, 1, 245, 1, 50000, 90),
(141, 298, 3, 306, 10, 305, 1, 248, 1, 50000, 90),
(142, 299, 3, 306, 10, 305, 1, 251, 1, 50000, 90),
(143, 300, 3, 306, 10, 305, 1, 254, 1, 50000, 90),
(144, 301, 3, 306, 10, 305, 1, 257, 1, 50000, 90),
(145, 302, 3, 306, 10, 305, 1, 260, 1, 50000, 90),
(146, 303, 3, 306, 10, 305, 1, 263, 1, 50000, 90),
(147, 304, 3, 306, 10, 305, 1, 266, 1, 50000, 90),
(148, 308, 1, 307, 1, 306, 20, 269, 1, 100000, 10),
(149, 309, 1, 307, 1, 306, 20, 270, 1, 100000, 10),
(150, 310, 1, 307, 1, 306, 20, 271, 1, 100000, 10),
(151, 311, 1, 307, 1, 306, 20, 272, 1, 100000, 10);

-- --------------------------------------------------------

--
-- Структура таблицы `hierarchy`
--

CREATE TABLE `hierarchy` (
  `LeaderName` varchar(255) CHARACTER SET cp1251 COLLATE cp1251_general_cs NOT NULL DEFAULT 'None',
  `Money` int(11) NOT NULL DEFAULT '0'
) ENGINE=InnoDB DEFAULT CHARSET=latin1;

--
-- Дамп данных таблицы `hierarchy`
--

INSERT INTO `hierarchy` (`LeaderName`, `Money`) VALUES
('YellowDuck', 5000);

-- --------------------------------------------------------

--
-- Структура таблицы `inventories`
--

CREATE TABLE `inventories` (
  `PlayerName` varchar(128) NOT NULL DEFAULT 'None',
  `SlotID` int(11) NOT NULL DEFAULT '-1',
  `ItemID` int(11) NOT NULL,
  `SlotMod` varchar(255) NOT NULL DEFAULT '0 0 0 0 0 0 0',
  `Count` int(11) NOT NULL DEFAULT '0'
) ENGINE=InnoDB DEFAULT CHARSET=cp1251;

--
-- Дамп данных таблицы `inventories`
--

INSERT INTO `inventories` (`PlayerName`, `SlotID`, `ItemID`, `SlotMod`, `Count`) VALUES
('Admin', 0, -1, '0 0 0 0 0 0 0', 0),
('Admin', 1, -1, '0 0 0 0 0 0 0', 0),
('Admin', 2, -1, '0 0 0 0 0 0 0', 0),
('Admin', 3, -1, '0 0 0 0 0 0 0', 0),
('Admin', 4, -1, '0 0 0 0 0 0 0', 0),
('Admin', 5, -1, '0 0 0 0 0 0 0', 0),
('Admin', 6, -1, '0 0 0 0 0 0 0', 0),
('Admin', 7, -1, '0 0 0 0 0 0 0', 0),
('Admin', 8, -1, '0 0 0 0 0 0 0', 0),
('Admin', 9, -1, '0 0 0 0 0 0 0', 0),
('Admin', 10, -1, '0 0 0 0 0 0 0', 0),
('Admin', 11, -1, '0 0 0 0 0 0 0', 0),
('Admin', 12, -1, '0 0 0 0 0 0 0', 0),
('Admin', 13, -1, '0 0 0 0 0 0 0', 0),
('Admin', 14, -1, '0 0 0 0 0 0 0', 0),
('Admin', 15, -1, '0 0 0 0 0 0 0', 0),
('Admin', 16, -1, '0 0 0 0 0 0 0', 0),
('Admin', 17, -1, '0 0 0 0 0 0 0', 0),
('Admin', 18, -1, '0 0 0 0 0 0 0', 0),
('Admin', 19, -1, '0 0 0 0 0 0 0', 0),
('Admin', 20, -1, '0 0 0 0 0 0 0', 0),
('Admin', 21, -1, '0 0 0 0 0 0 0', 0),
('Admin', 22, -1, '0 0 0 0 0 0 0', 0),
('Admin', 23, -1, '0 0 0 0 0 0 0', 0),
('Admin', 24, -1, '0 0 0 0 0 0 0', 0),
('Admin', 25, -1, '0 0 0 0 0 0 0', 0),
('Admin', 26, -1, '0 0 0 0 0 0 0', 0),
('Admin', 27, -1, '0 0 0 0 0 0 0', 0),
('Admin', 28, -1, '0 0 0 0 0 0 0', 0),
('Admin', 29, -1, '0 0 0 0 0 0 0', 0),
('Admin', 30, -1, '0 0 0 0 0 0 0', 0),
('Admin', 31, -1, '0 0 0 0 0 0 0', 0),
('Admin', 32, -1, '0 0 0 0 0 0 0', 0),
('Admin', 33, -1, '0 0 0 0 0 0 0', 0),
('Admin', 34, -1, '0 0 0 0 0 0 0', 0),
('Admin', 35, -1, '0 0 0 0 0 0 0', 0),
('Admin', 36, -1, '0 0 0 0 0 0 0', 0),
('Admin', 37, -1, '0 0 0 0 0 0 0', 0),
('Admin', 38, -1, '0 0 0 0 0 0 0', 0),
('Admin', 39, -1, '0 0 0 0 0 0 0', 0),
('Admin', 40, -1, '0 0 0 0 0 0 0', 0),
('Admin', 41, -1, '0 0 0 0 0 0 0', 0),
('Admin', 42, -1, '0 0 0 0 0 0 0', 0),
('Admin', 43, -1, '0 0 0 0 0 0 0', 0),
('Admin', 44, -1, '0 0 0 0 0 0 0', 0),
('Admin', 45, -1, '0 0 0 0 0 0 0', 0),
('Admin', 46, -1, '0 0 0 0 0 0 0', 0),
('Admin', 47, -1, '0 0 0 0 0 0 0', 0),
('Admin', 48, -1, '0 0 0 0 0 0 0', 0),
('Admin', 49, -1, '0 0 0 0 0 0 0', 0),
('Admin', 50, -1, '0 0 0 0 0 0 0', 0),
('Admin', 51, -1, '0 0 0 0 0 0 0', 0),
('Admin', 52, -1, '0 0 0 0 0 0 0', 0),
('Admin', 53, -1, '0 0 0 0 0 0 0', 0),
('Admin', 54, -1, '0 0 0 0 0 0 0', 0),
('Admin', 55, -1, '0 0 0 0 0 0 0', 0),
('Admin', 56, -1, '0 0 0 0 0 0 0', 0),
('Admin', 57, -1, '0 0 0 0 0 0 0', 0),
('Admin', 58, -1, '0 0 0 0 0 0 0', 0),
('Admin', 59, -1, '0 0 0 0 0 0 0', 0),
('Admin', 60, -1, '0 0 0 0 0 0 0', 0),
('Admin', 61, -1, '0 0 0 0 0 0 0', 0),
('Admin', 62, -1, '0 0 0 0 0 0 0', 0),
('Admin', 63, -1, '0 0 0 0 0 0 0', 0),
('Admin', 64, -1, '0 0 0 0 0 0 0', 0),
('Admin', 65, -1, '0 0 0 0 0 0 0', 0),
('Admin', 66, -1, '0 0 0 0 0 0 0', 0),
('Admin', 67, -1, '0 0 0 0 0 0 0', 0),
('Admin', 68, -1, '0 0 0 0 0 0 0', 0),
('Admin', 69, -1, '0 0 0 0 0 0 0', 0),
('Admin', 70, -1, '0 0 0 0 0 0 0', 0),
('Admin', 71, -1, '0 0 0 0 0 0 0', 0),
('Admin', 72, -1, '0 0 0 0 0 0 0', 0),
('Admin', 73, -1, '0 0 0 0 0 0 0', 0),
('Admin', 74, -1, '0 0 0 0 0 0 0', 0),
('Admin', 75, -1, '0 0 0 0 0 0 0', 0),
('Admin', 76, -1, '0 0 0 0 0 0 0', 0),
('Admin', 77, -1, '0 0 0 0 0 0 0', 0),
('Admin', 78, -1, '0 0 0 0 0 0 0', 0),
('Admin', 79, -1, '0 0 0 0 0 0 0', 0),
('Admin', 80, -1, '0 0 0 0 0 0 0', 0),
('Admin', 81, -1, '0 0 0 0 0 0 0', 0),
('Admin', 82, -1, '0 0 0 0 0 0 0', 0),
('Admin', 83, -1, '0 0 0 0 0 0 0', 0),
('Admin', 84, -1, '0 0 0 0 0 0 0', 0),
('Admin', 85, -1, '0 0 0 0 0 0 0', 0),
('Admin', 86, -1, '0 0 0 0 0 0 0', 0),
('Admin', 87, -1, '0 0 0 0 0 0 0', 0),
('Admin', 88, -1, '0 0 0 0 0 0 0', 0),
('Admin', 89, -1, '0 0 0 0 0 0 0', 0),
('Admin', 90, -1, '0 0 0 0 0 0 0', 0),
('Admin', 91, -1, '0 0 0 0 0 0 0', 0),
('Admin', 92, -1, '0 0 0 0 0 0 0', 0),
('Admin', 93, -1, '0 0 0 0 0 0 0', 0),
('Admin', 94, -1, '0 0 0 0 0 0 0', 0),
('Admin', 95, -1, '0 0 0 0 0 0 0', 0),
('Admin', 96, -1, '0 0 0 0 0 0 0', 0),
('Admin', 97, -1, '0 0 0 0 0 0 0', 0),
('Admin', 98, -1, '0 0 0 0 0 0 0', 0),
('Admin', 99, -1, '0 0 0 0 0 0 0', 0),
('Admin', 100, -1, '0 0 0 0 0 0 0', 0),
('Admin', 101, -1, '0 0 0 0 0 0 0', 0),
('Admin', 102, -1, '0 0 0 0 0 0 0', 0),
('Admin', 103, -1, '0 0 0 0 0 0 0', 0),
('Admin', 104, -1, '0 0 0 0 0 0 0', 0),
('Admin', 105, -1, '0 0 0 0 0 0 0', 0),
('Admin', 106, -1, '0 0 0 0 0 0 0', 0),
('Admin', 107, -1, '0 0 0 0 0 0 0', 0),
('Admin', 108, -1, '0 0 0 0 0 0 0', 0),
('Admin', 109, -1, '0 0 0 0 0 0 0', 0),
('Admin', 110, -1, '0 0 0 0 0 0 0', 0),
('Admin', 111, -1, '0 0 0 0 0 0 0', 0),
('Admin', 112, -1, '0 0 0 0 0 0 0', 0),
('Admin', 113, -1, '0 0 0 0 0 0 0', 0),
('Admin', 114, -1, '0 0 0 0 0 0 0', 0),
('Admin', 115, -1, '0 0 0 0 0 0 0', 0),
('Admin', 116, -1, '0 0 0 0 0 0 0', 0),
('Admin', 117, -1, '0 0 0 0 0 0 0', 0),
('Admin', 118, -1, '0 0 0 0 0 0 0', 0),
('Admin', 119, -1, '0 0 0 0 0 0 0', 0),
('Admin', 120, -1, '0 0 0 0 0 0 0', 0),
('Admin', 121, -1, '0 0 0 0 0 0 0', 0),
('Admin', 122, -1, '0 0 0 0 0 0 0', 0),
('Admin', 123, -1, '0 0 0 0 0 0 0', 0),
('Admin', 124, -1, '0 0 0 0 0 0 0', 0),
('ShazokVsemog', 0, -1, '0 0 0 0 0 0 0', 0),
('ShazokVsemog', 1, 283, '0 0 0 0 0 0 0', 30),
('ShazokVsemog', 2, 82, '2 2 2 0 0 0 0', 1),
('ShazokVsemog', 3, 284, '0 0 0 0 0 0 0', 26),
('ShazokVsemog', 4, 137, '0 0 0 0 0 0 0', 1),
('ShazokVsemog', 5, 2, '1 1 1 1 0 0 0', 1),
('ShazokVsemog', 6, 1, '0 0 0 0 0 0 0', 1),
('ShazokVsemog', 7, 285, '0 0 0 0 0 0 0', 29),
('ShazokVsemog', 8, -1, '0 0 0 0 0 0 0', 0),
('ShazokVsemog', 9, 143, '0 0 0 0 0 0 0', 1),
('ShazokVsemog', 10, 322, '0 0 0 0 0 0 0', 1),
('ShazokVsemog', 11, 137, '0 0 0 0 0 0 0', 1),
('ShazokVsemog', 12, 139, '2 2 2 0 0 0 0', 1),
('ShazokVsemog', 13, 18, '1 1 1 1 0 0 0', 1),
('ShazokVsemog', 14, 282, '0 0 0 0 0 0 0', 24),
('ShazokVsemog', 15, 333, '0 0 0 0 0 0 0', 1),
('ShazokVsemog', 16, 85, '3 3 3 0 0 0 0', 1),
('ShazokVsemog', 17, 328, '0 0 0 0 0 0 0', 1),
('ShazokVsemog', 18, 9, '0 0 0 0 0 0 0', 1),
('ShazokVsemog', 19, 9, '0 0 0 0 0 0 0', 1),
('ShazokVsemog', 20, 9, '0 0 0 0 0 0 0', 1),
('ShazokVsemog', 21, 335, '0 0 0 0 0 0 0', 1),
('ShazokVsemog', 22, 94, '0 0 0 0 0 0 0', 1),
('ShazokVsemog', 23, 306, '0 0 0 0 0 0 0', 3),
('ShazokVsemog', 24, 290, '0 0 0 0 0 0 0', 8),
('ShazokVsemog', 25, -1, '0 0 0 0 0 0 0', 0),
('ShazokVsemog', 26, -1, '0 0 0 0 0 0 0', 0),
('ShazokVsemog', 27, -1, '0 0 0 0 0 0 0', 0),
('ShazokVsemog', 28, -1, '0 0 0 0 0 0 0', 0),
('ShazokVsemog', 29, -1, '0 0 0 0 0 0 0', 0),
('ShazokVsemog', 30, -1, '0 0 0 0 0 0 0', 0),
('ShazokVsemog', 31, -1, '0 0 0 0 0 0 0', 0),
('ShazokVsemog', 32, -1, '0 0 0 0 0 0 0', 0),
('ShazokVsemog', 33, -1, '0 0 0 0 0 0 0', 0),
('ShazokVsemog', 34, -1, '0 0 0 0 0 0 0', 0),
('ShazokVsemog', 35, -1, '0 0 0 0 0 0 0', 0),
('ShazokVsemog', 36, -1, '0 0 0 0 0 0 0', 0),
('ShazokVsemog', 37, -1, '0 0 0 0 0 0 0', 0),
('ShazokVsemog', 38, -1, '0 0 0 0 0 0 0', 0),
('ShazokVsemog', 39, -1, '0 0 0 0 0 0 0', 0),
('ShazokVsemog', 40, -1, '0 0 0 0 0 0 0', 0),
('ShazokVsemog', 41, -1, '0 0 0 0 0 0 0', 0),
('ShazokVsemog', 42, -1, '0 0 0 0 0 0 0', 0),
('ShazokVsemog', 43, -1, '0 0 0 0 0 0 0', 0),
('ShazokVsemog', 44, -1, '0 0 0 0 0 0 0', 0),
('ShazokVsemog', 45, -1, '0 0 0 0 0 0 0', 0),
('ShazokVsemog', 46, -1, '0 0 0 0 0 0 0', 0),
('ShazokVsemog', 47, -1, '0 0 0 0 0 0 0', 0),
('ShazokVsemog', 48, -1, '0 0 0 0 0 0 0', 0),
('ShazokVsemog', 49, -1, '0 0 0 0 0 0 0', 0),
('ShazokVsemog', 50, -1, '0 0 0 0 0 0 0', 0),
('ShazokVsemog', 51, -1, '0 0 0 0 0 0 0', 0),
('ShazokVsemog', 52, -1, '0 0 0 0 0 0 0', 0),
('ShazokVsemog', 53, -1, '0 0 0 0 0 0 0', 0),
('ShazokVsemog', 54, -1, '0 0 0 0 0 0 0', 0),
('ShazokVsemog', 55, -1, '0 0 0 0 0 0 0', 0),
('ShazokVsemog', 56, -1, '0 0 0 0 0 0 0', 0),
('ShazokVsemog', 57, -1, '0 0 0 0 0 0 0', 0),
('ShazokVsemog', 58, -1, '0 0 0 0 0 0 0', 0),
('ShazokVsemog', 59, -1, '0 0 0 0 0 0 0', 0),
('ShazokVsemog', 60, -1, '0 0 0 0 0 0 0', 0),
('ShazokVsemog', 61, -1, '0 0 0 0 0 0 0', 0),
('ShazokVsemog', 62, -1, '0 0 0 0 0 0 0', 0),
('ShazokVsemog', 63, -1, '0 0 0 0 0 0 0', 0),
('ShazokVsemog', 64, -1, '0 0 0 0 0 0 0', 0),
('ShazokVsemog', 65, -1, '0 0 0 0 0 0 0', 0),
('ShazokVsemog', 66, -1, '0 0 0 0 0 0 0', 0),
('ShazokVsemog', 67, -1, '0 0 0 0 0 0 0', 0),
('ShazokVsemog', 68, -1, '0 0 0 0 0 0 0', 0),
('ShazokVsemog', 69, -1, '0 0 0 0 0 0 0', 0),
('ShazokVsemog', 70, -1, '0 0 0 0 0 0 0', 0),
('ShazokVsemog', 71, -1, '0 0 0 0 0 0 0', 0),
('ShazokVsemog', 72, -1, '0 0 0 0 0 0 0', 0),
('ShazokVsemog', 73, -1, '0 0 0 0 0 0 0', 0),
('ShazokVsemog', 74, -1, '0 0 0 0 0 0 0', 0),
('ShazokVsemog', 75, -1, '0 0 0 0 0 0 0', 0),
('ShazokVsemog', 76, -1, '0 0 0 0 0 0 0', 0),
('ShazokVsemog', 77, -1, '0 0 0 0 0 0 0', 0),
('ShazokVsemog', 78, -1, '0 0 0 0 0 0 0', 0),
('ShazokVsemog', 79, -1, '0 0 0 0 0 0 0', 0),
('ShazokVsemog', 80, -1, '0 0 0 0 0 0 0', 0),
('ShazokVsemog', 81, -1, '0 0 0 0 0 0 0', 0),
('ShazokVsemog', 82, -1, '0 0 0 0 0 0 0', 0),
('ShazokVsemog', 83, -1, '0 0 0 0 0 0 0', 0),
('ShazokVsemog', 84, -1, '0 0 0 0 0 0 0', 0),
('ShazokVsemog', 85, -1, '0 0 0 0 0 0 0', 0),
('ShazokVsemog', 86, -1, '0 0 0 0 0 0 0', 0),
('ShazokVsemog', 87, -1, '0 0 0 0 0 0 0', 0),
('ShazokVsemog', 88, -1, '0 0 0 0 0 0 0', 0),
('ShazokVsemog', 89, -1, '0 0 0 0 0 0 0', 0),
('ShazokVsemog', 90, -1, '0 0 0 0 0 0 0', 0),
('ShazokVsemog', 91, -1, '0 0 0 0 0 0 0', 0),
('ShazokVsemog', 92, -1, '0 0 0 0 0 0 0', 0),
('ShazokVsemog', 93, -1, '0 0 0 0 0 0 0', 0),
('ShazokVsemog', 94, -1, '0 0 0 0 0 0 0', 0),
('ShazokVsemog', 95, -1, '0 0 0 0 0 0 0', 0),
('ShazokVsemog', 96, -1, '0 0 0 0 0 0 0', 0),
('ShazokVsemog', 97, -1, '0 0 0 0 0 0 0', 0),
('ShazokVsemog', 98, -1, '0 0 0 0 0 0 0', 0),
('ShazokVsemog', 99, -1, '0 0 0 0 0 0 0', 0),
('ShazokVsemog', 100, 293, '0 0 0 0 0 0 0', 28),
('ShazokVsemog', 101, 295, '0 0 0 0 0 0 0', 34),
('ShazokVsemog', 102, 296, '0 0 0 0 0 0 0', 20),
('ShazokVsemog', 103, 291, '0 0 0 0 0 0 0', 20),
('ShazokVsemog', 104, 292, '0 0 0 0 0 0 0', 16),
('ShazokVsemog', 105, 294, '0 0 0 0 0 0 0', 16),
('ShazokVsemog', 106, -1, '0 0 0 0 0 0 0', 0),
('ShazokVsemog', 107, -1, '0 0 0 0 0 0 0', 0),
('ShazokVsemog', 108, -1, '0 0 0 0 0 0 0', 0),
('ShazokVsemog', 109, -1, '0 0 0 0 0 0 0', 0),
('ShazokVsemog', 110, -1, '0 0 0 0 0 0 0', 0),
('ShazokVsemog', 111, -1, '0 0 0 0 0 0 0', 0),
('ShazokVsemog', 112, -1, '0 0 0 0 0 0 0', 0),
('ShazokVsemog', 113, -1, '0 0 0 0 0 0 0', 0),
('ShazokVsemog', 114, -1, '0 0 0 0 0 0 0', 0),
('ShazokVsemog', 115, -1, '0 0 0 0 0 0 0', 0),
('ShazokVsemog', 116, -1, '0 0 0 0 0 0 0', 0),
('ShazokVsemog', 117, -1, '0 0 0 0 0 0 0', 0),
('ShazokVsemog', 118, -1, '0 0 0 0 0 0 0', 0),
('ShazokVsemog', 119, -1, '0 0 0 0 0 0 0', 0),
('ShazokVsemog', 120, -1, '0 0 0 0 0 0 0', 0),
('ShazokVsemog', 121, -1, '0 0 0 0 0 0 0', 0),
('ShazokVsemog', 122, -1, '0 0 0 0 0 0 0', 0),
('ShazokVsemog', 123, -1, '0 0 0 0 0 0 0', 0),
('ShazokVsemog', 124, 366, '0 0 0 0 0 0 0', 1),
('Burzhui', 0, 3, '1 1 1 0 0 0 0', 1),
('Burzhui', 1, 284, '0 0 0 0 0 0 0', 44),
('Burzhui', 2, 283, '0 0 0 0 0 0 0', 60),
('Burzhui', 3, 138, '3 3 3 3 0 0 0', 1),
('Burzhui', 4, 82, '0 0 0 0 0 0 0', 1),
('Burzhui', 5, 286, '0 0 0 0 0 0 0', 6),
('Burzhui', 6, 11, '0 0 0 0 0 0 0', 1),
('Burzhui', 7, 84, '3 3 3 0 0 0 0', 1),
('Burzhui', 8, 86, '0 0 0 0 0 0 0', 1),
('Burzhui', 9, 88, '0 0 0 0 0 0 0', 1),
('Burzhui', 10, 282, '0 0 0 0 0 0 0', 6),
('Burzhui', 11, 1, '0 0 0 0 0 0 0', 1),
('Burzhui', 12, 285, '0 0 0 0 0 0 0', 24),
('Burzhui', 13, 143, '0 0 0 0 0 0 0', 1),
('Burzhui', 14, 143, '0 0 0 0 0 0 0', 1),
('Burzhui', 15, 306, '0 0 0 0 0 0 0', 1),
('Burzhui', 16, -1, '0 0 0 0 0 0 0', 0),
('Burzhui', 17, -1, '0 0 0 0 0 0 0', 0),
('Burzhui', 18, -1, '0 0 0 0 0 0 0', 0),
('Burzhui', 19, -1, '0 0 0 0 0 0 0', 0),
('Burzhui', 20, 138, '2 2 3 0 0 0 0', 1),
('Burzhui', 21, 141, '3 3 3 0 0 0 0', 1),
('Burzhui', 22, -1, '0 0 0 0 0 0 0', 0),
('Burzhui', 23, -1, '0 0 0 0 0 0 0', 0),
('Burzhui', 24, 290, '0 0 0 0 0 0 0', 47),
('Burzhui', 25, -1, '0 0 0 0 0 0 0', 0),
('Burzhui', 26, -1, '0 0 0 0 0 0 0', 0),
('Burzhui', 27, -1, '0 0 0 0 0 0 0', 0),
('Burzhui', 28, -1, '0 0 0 0 0 0 0', 0),
('Burzhui', 29, -1, '0 0 0 0 0 0 0', 0),
('Burzhui', 30, -1, '0 0 0 0 0 0 0', 0),
('Burzhui', 31, -1, '0 0 0 0 0 0 0', 0),
('Burzhui', 32, -1, '0 0 0 0 0 0 0', 0),
('Burzhui', 33, -1, '0 0 0 0 0 0 0', 0),
('Burzhui', 34, -1, '0 0 0 0 0 0 0', 0),
('Burzhui', 35, -1, '0 0 0 0 0 0 0', 0),
('Burzhui', 36, -1, '0 0 0 0 0 0 0', 0),
('Burzhui', 37, -1, '0 0 0 0 0 0 0', 0),
('Burzhui', 38, -1, '0 0 0 0 0 0 0', 0),
('Burzhui', 39, -1, '0 0 0 0 0 0 0', 0),
('Burzhui', 40, -1, '0 0 0 0 0 0 0', 0),
('Burzhui', 41, -1, '0 0 0 0 0 0 0', 0),
('Burzhui', 42, -1, '0 0 0 0 0 0 0', 0),
('Burzhui', 43, -1, '0 0 0 0 0 0 0', 0),
('Burzhui', 44, -1, '0 0 0 0 0 0 0', 0),
('Burzhui', 45, -1, '0 0 0 0 0 0 0', 0),
('Burzhui', 46, -1, '0 0 0 0 0 0 0', 0),
('Burzhui', 47, -1, '0 0 0 0 0 0 0', 0),
('Burzhui', 48, -1, '0 0 0 0 0 0 0', 0),
('Burzhui', 49, -1, '0 0 0 0 0 0 0', 0),
('Burzhui', 50, -1, '0 0 0 0 0 0 0', 0),
('Burzhui', 51, -1, '0 0 0 0 0 0 0', 0),
('Burzhui', 52, -1, '0 0 0 0 0 0 0', 0),
('Burzhui', 53, -1, '0 0 0 0 0 0 0', 0),
('Burzhui', 54, -1, '0 0 0 0 0 0 0', 0),
('Burzhui', 55, -1, '0 0 0 0 0 0 0', 0),
('Burzhui', 56, -1, '0 0 0 0 0 0 0', 0),
('Burzhui', 57, -1, '0 0 0 0 0 0 0', 0),
('Burzhui', 58, -1, '0 0 0 0 0 0 0', 0),
('Burzhui', 59, -1, '0 0 0 0 0 0 0', 0),
('Burzhui', 60, -1, '0 0 0 0 0 0 0', 0),
('Burzhui', 61, -1, '0 0 0 0 0 0 0', 0),
('Burzhui', 62, -1, '0 0 0 0 0 0 0', 0),
('Burzhui', 63, -1, '0 0 0 0 0 0 0', 0),
('Burzhui', 64, -1, '0 0 0 0 0 0 0', 0),
('Burzhui', 65, -1, '0 0 0 0 0 0 0', 0),
('Burzhui', 66, -1, '0 0 0 0 0 0 0', 0),
('Burzhui', 67, -1, '0 0 0 0 0 0 0', 0),
('Burzhui', 68, -1, '0 0 0 0 0 0 0', 0),
('Burzhui', 69, -1, '0 0 0 0 0 0 0', 0),
('Burzhui', 70, -1, '0 0 0 0 0 0 0', 0),
('Burzhui', 71, -1, '0 0 0 0 0 0 0', 0),
('Burzhui', 72, -1, '0 0 0 0 0 0 0', 0),
('Burzhui', 73, -1, '0 0 0 0 0 0 0', 0),
('Burzhui', 74, -1, '0 0 0 0 0 0 0', 0),
('Burzhui', 75, -1, '0 0 0 0 0 0 0', 0),
('Burzhui', 76, -1, '0 0 0 0 0 0 0', 0),
('Burzhui', 77, -1, '0 0 0 0 0 0 0', 0),
('Burzhui', 78, -1, '0 0 0 0 0 0 0', 0),
('Burzhui', 79, -1, '0 0 0 0 0 0 0', 0),
('Burzhui', 80, -1, '0 0 0 0 0 0 0', 0),
('Burzhui', 81, -1, '0 0 0 0 0 0 0', 0),
('Burzhui', 82, -1, '0 0 0 0 0 0 0', 0),
('Burzhui', 83, -1, '0 0 0 0 0 0 0', 0),
('Burzhui', 84, -1, '0 0 0 0 0 0 0', 0),
('Burzhui', 85, -1, '0 0 0 0 0 0 0', 0),
('Burzhui', 86, -1, '0 0 0 0 0 0 0', 0),
('Burzhui', 87, -1, '0 0 0 0 0 0 0', 0),
('Burzhui', 88, -1, '0 0 0 0 0 0 0', 0),
('Burzhui', 89, -1, '0 0 0 0 0 0 0', 0),
('Burzhui', 90, -1, '0 0 0 0 0 0 0', 0),
('Burzhui', 91, -1, '0 0 0 0 0 0 0', 0),
('Burzhui', 92, -1, '0 0 0 0 0 0 0', 0),
('Burzhui', 93, -1, '0 0 0 0 0 0 0', 0),
('Burzhui', 94, -1, '0 0 0 0 0 0 0', 0),
('Burzhui', 95, -1, '0 0 0 0 0 0 0', 0),
('Burzhui', 96, -1, '0 0 0 0 0 0 0', 0),
('Burzhui', 97, -1, '0 0 0 0 0 0 0', 0),
('Burzhui', 98, -1, '0 0 0 0 0 0 0', 0),
('Burzhui', 99, -1, '0 0 0 0 0 0 0', 0),
('Burzhui', 100, 292, '0 0 0 0 0 0 0', 14),
('Burzhui', 101, 291, '0 0 0 0 0 0 0', 16),
('Burzhui', 102, 294, '0 0 0 0 0 0 0', 12),
('Burzhui', 103, 295, '0 0 0 0 0 0 0', 14),
('Burzhui', 104, 293, '0 0 0 0 0 0 0', 6),
('Burzhui', 105, 296, '0 0 0 0 0 0 0', 4),
('Burzhui', 106, -1, '0 0 0 0 0 0 0', 0),
('Burzhui', 107, -1, '0 0 0 0 0 0 0', 0),
('Burzhui', 108, -1, '0 0 0 0 0 0 0', 0),
('Burzhui', 109, -1, '0 0 0 0 0 0 0', 0),
('Burzhui', 110, -1, '0 0 0 0 0 0 0', 0),
('Burzhui', 111, -1, '0 0 0 0 0 0 0', 0),
('Burzhui', 112, -1, '0 0 0 0 0 0 0', 0),
('Burzhui', 113, -1, '0 0 0 0 0 0 0', 0),
('Burzhui', 114, -1, '0 0 0 0 0 0 0', 0),
('Burzhui', 115, -1, '0 0 0 0 0 0 0', 0),
('Burzhui', 116, -1, '0 0 0 0 0 0 0', 0),
('Burzhui', 117, -1, '0 0 0 0 0 0 0', 0),
('Burzhui', 118, -1, '0 0 0 0 0 0 0', 0),
('Burzhui', 119, -1, '0 0 0 0 0 0 0', 0),
('Burzhui', 120, -1, '0 0 0 0 0 0 0', 0),
('Burzhui', 121, -1, '0 0 0 0 0 0 0', 0),
('Burzhui', 122, -1, '0 0 0 0 0 0 0', 0),
('Burzhui', 123, -1, '0 0 0 0 0 0 0', 0),
('Burzhui', 124, 366, '0 0 0 0 0 0 0', 2704),
('Sportsman', 0, 143, '0 0 0 0 0 0 0', 1),
('Sportsman', 1, 284, '0 0 0 0 0 0 0', 125),
('Sportsman', 2, 283, '0 0 0 0 0 0 0', 87),
('Sportsman', 3, 282, '0 0 0 0 0 0 0', 38),
('Sportsman', 4, 144, '0 0 0 0 0 0 0', 1),
('Sportsman', 5, 137, '0 0 0 0 0 0 0', 1),
('Sportsman', 6, 143, '0 0 0 0 0 0 0', 1),
('Sportsman', 7, 286, '0 0 0 0 0 0 0', 4),
('Sportsman', 8, -1, '0 0 0 0 0 0 0', 0),
('Sportsman', 9, -1, '0 0 0 0 0 0 0', 0),
('Sportsman', 10, 1, '1 1 1 1 0 0 0', 1),
('Sportsman', 11, 285, '0 0 0 0 0 0 0', 37),
('Sportsman', 12, -1, '0 0 0 0 0 0 0', 0),
('Sportsman', 13, 143, '0 0 0 0 0 0 0', 1),
('Sportsman', 14, -1, '0 0 0 0 0 0 0', 0),
('Sportsman', 15, -1, '0 0 0 0 0 0 0', 0),
('Sportsman', 16, -1, '0 0 0 0 0 0 0', 0),
('Sportsman', 17, -1, '0 0 0 0 0 0 0', 0),
('Sportsman', 18, -1, '0 0 0 0 0 0 0', 0),
('Sportsman', 19, -1, '0 0 0 0 0 0 0', 0),
('Sportsman', 20, 144, '3 3 3 0 0 0 0', 1),
('Sportsman', 21, 9, '1 1 1 1 1 0 0', 1),
('Sportsman', 22, -1, '0 0 0 0 0 0 0', 0),
('Sportsman', 23, 306, '0 0 0 0 0 0 0', 7),
('Sportsman', 24, 290, '0 0 0 0 0 0 0', 86),
('Sportsman', 25, -1, '0 0 0 0 0 0 0', 0),
('Sportsman', 26, -1, '0 0 0 0 0 0 0', 0),
('Sportsman', 27, -1, '0 0 0 0 0 0 0', 0),
('Sportsman', 28, -1, '0 0 0 0 0 0 0', 0),
('Sportsman', 29, -1, '0 0 0 0 0 0 0', 0),
('Sportsman', 30, -1, '0 0 0 0 0 0 0', 0),
('Sportsman', 31, -1, '0 0 0 0 0 0 0', 0),
('Sportsman', 32, -1, '0 0 0 0 0 0 0', 0),
('Sportsman', 33, -1, '0 0 0 0 0 0 0', 0),
('Sportsman', 34, -1, '0 0 0 0 0 0 0', 0),
('Sportsman', 35, -1, '0 0 0 0 0 0 0', 0),
('Sportsman', 36, -1, '0 0 0 0 0 0 0', 0),
('Sportsman', 37, -1, '0 0 0 0 0 0 0', 0),
('Sportsman', 38, -1, '0 0 0 0 0 0 0', 0),
('Sportsman', 39, -1, '0 0 0 0 0 0 0', 0),
('Sportsman', 40, -1, '0 0 0 0 0 0 0', 0),
('Sportsman', 41, -1, '0 0 0 0 0 0 0', 0),
('Sportsman', 42, -1, '0 0 0 0 0 0 0', 0),
('Sportsman', 43, -1, '0 0 0 0 0 0 0', 0),
('Sportsman', 44, -1, '0 0 0 0 0 0 0', 0),
('Sportsman', 45, -1, '0 0 0 0 0 0 0', 0),
('Sportsman', 46, -1, '0 0 0 0 0 0 0', 0),
('Sportsman', 47, -1, '0 0 0 0 0 0 0', 0),
('Sportsman', 48, -1, '0 0 0 0 0 0 0', 0),
('Sportsman', 49, -1, '0 0 0 0 0 0 0', 0),
('Sportsman', 50, -1, '0 0 0 0 0 0 0', 0),
('Sportsman', 51, -1, '0 0 0 0 0 0 0', 0),
('Sportsman', 52, -1, '0 0 0 0 0 0 0', 0),
('Sportsman', 53, -1, '0 0 0 0 0 0 0', 0),
('Sportsman', 54, -1, '0 0 0 0 0 0 0', 0),
('Sportsman', 55, -1, '0 0 0 0 0 0 0', 0),
('Sportsman', 56, -1, '0 0 0 0 0 0 0', 0),
('Sportsman', 57, -1, '0 0 0 0 0 0 0', 0),
('Sportsman', 58, -1, '0 0 0 0 0 0 0', 0),
('Sportsman', 59, -1, '0 0 0 0 0 0 0', 0),
('Sportsman', 60, -1, '0 0 0 0 0 0 0', 0),
('Sportsman', 61, -1, '0 0 0 0 0 0 0', 0),
('Sportsman', 62, -1, '0 0 0 0 0 0 0', 0),
('Sportsman', 63, -1, '0 0 0 0 0 0 0', 0),
('Sportsman', 64, -1, '0 0 0 0 0 0 0', 0),
('Sportsman', 65, -1, '0 0 0 0 0 0 0', 0),
('Sportsman', 66, -1, '0 0 0 0 0 0 0', 0),
('Sportsman', 67, -1, '0 0 0 0 0 0 0', 0),
('Sportsman', 68, -1, '0 0 0 0 0 0 0', 0),
('Sportsman', 69, -1, '0 0 0 0 0 0 0', 0),
('Sportsman', 70, -1, '0 0 0 0 0 0 0', 0),
('Sportsman', 71, -1, '0 0 0 0 0 0 0', 0),
('Sportsman', 72, -1, '0 0 0 0 0 0 0', 0),
('Sportsman', 73, -1, '0 0 0 0 0 0 0', 0),
('Sportsman', 74, -1, '0 0 0 0 0 0 0', 0),
('Sportsman', 75, -1, '0 0 0 0 0 0 0', 0),
('Sportsman', 76, -1, '0 0 0 0 0 0 0', 0),
('Sportsman', 77, -1, '0 0 0 0 0 0 0', 0),
('Sportsman', 78, -1, '0 0 0 0 0 0 0', 0),
('Sportsman', 79, -1, '0 0 0 0 0 0 0', 0),
('Sportsman', 80, -1, '0 0 0 0 0 0 0', 0),
('Sportsman', 81, -1, '0 0 0 0 0 0 0', 0),
('Sportsman', 82, -1, '0 0 0 0 0 0 0', 0),
('Sportsman', 83, -1, '0 0 0 0 0 0 0', 0),
('Sportsman', 84, -1, '0 0 0 0 0 0 0', 0),
('Sportsman', 85, -1, '0 0 0 0 0 0 0', 0),
('Sportsman', 86, -1, '0 0 0 0 0 0 0', 0),
('Sportsman', 87, -1, '0 0 0 0 0 0 0', 0),
('Sportsman', 88, -1, '0 0 0 0 0 0 0', 0),
('Sportsman', 89, -1, '0 0 0 0 0 0 0', 0),
('Sportsman', 90, -1, '0 0 0 0 0 0 0', 0),
('Sportsman', 91, -1, '0 0 0 0 0 0 0', 0),
('Sportsman', 92, -1, '0 0 0 0 0 0 0', 0),
('Sportsman', 93, -1, '0 0 0 0 0 0 0', 0),
('Sportsman', 94, -1, '0 0 0 0 0 0 0', 0),
('Sportsman', 95, -1, '0 0 0 0 0 0 0', 0),
('Sportsman', 96, -1, '0 0 0 0 0 0 0', 0),
('Sportsman', 97, -1, '0 0 0 0 0 0 0', 0),
('Sportsman', 98, -1, '0 0 0 0 0 0 0', 0),
('Sportsman', 99, -1, '0 0 0 0 0 0 0', 0),
('Sportsman', 100, 292, '0 0 0 0 0 0 0', 24),
('Sportsman', 101, 294, '0 0 0 0 0 0 0', 30),
('Sportsman', 102, 293, '0 0 0 0 0 0 0', 22),
('Sportsman', 103, 291, '0 0 0 0 0 0 0', 24),
('Sportsman', 104, 295, '0 0 0 0 0 0 0', 42),
('Sportsman', 105, 296, '0 0 0 0 0 0 0', 24),
('Sportsman', 106, -1, '0 0 0 0 0 0 0', 0),
('Sportsman', 107, -1, '0 0 0 0 0 0 0', 0),
('Sportsman', 108, -1, '0 0 0 0 0 0 0', 0),
('Sportsman', 109, -1, '0 0 0 0 0 0 0', 0),
('Sportsman', 110, -1, '0 0 0 0 0 0 0', 0),
('Sportsman', 111, -1, '0 0 0 0 0 0 0', 0),
('Sportsman', 112, -1, '0 0 0 0 0 0 0', 0),
('Sportsman', 113, -1, '0 0 0 0 0 0 0', 0),
('Sportsman', 114, -1, '0 0 0 0 0 0 0', 0),
('Sportsman', 115, -1, '0 0 0 0 0 0 0', 0),
('Sportsman', 116, -1, '0 0 0 0 0 0 0', 0),
('Sportsman', 117, -1, '0 0 0 0 0 0 0', 0),
('Sportsman', 118, -1, '0 0 0 0 0 0 0', 0),
('Sportsman', 119, -1, '0 0 0 0 0 0 0', 0),
('Sportsman', 120, -1, '0 0 0 0 0 0 0', 0),
('Sportsman', 121, -1, '0 0 0 0 0 0 0', 0),
('Sportsman', 122, -1, '0 0 0 0 0 0 0', 0),
('Sportsman', 123, -1, '0 0 0 0 0 0 0', 0),
('Sportsman', 124, 366, '0 0 0 0 0 0 0', 14449),
('Dimak', 0, 82, '2 2 2 2 0 0 0', 1),
('Dimak', 1, 284, '0 0 0 0 0 0 0', 47),
('Dimak', 2, 282, '0 0 0 0 0 0 0', 28),
('Dimak', 3, 283, '0 0 0 0 0 0 0', 26),
('Dimak', 4, 285, '0 0 0 0 0 0 0', 29),
('Dimak', 5, 83, '0 0 0 0 0 0 0', 1),
('Dimak', 6, 286, '0 0 0 0 0 0 0', 1),
('Dimak', 7, 9, '0 0 0 0 0 0 0', 1),
('Dimak', 8, 1, '1 1 1 1 0 0 0', 1),
('Dimak', 9, 99, '0 0 0 0 0 0 0', 1),
('Dimak', 10, 140, '0 0 0 0 0 0 0', 1),
('Dimak', 11, 1, '0 0 0 0 0 0 0', 1),
('Dimak', 12, 2, '0 0 0 0 0 0 0', 1),
('Dimak', 13, 138, '0 0 0 0 0 0 0', 1),
('Dimak', 14, 92, '0 0 0 0 0 0 0', 1),
('Dimak', 15, -1, '0 0 0 0 0 0 0', 0),
('Dimak', 16, -1, '0 0 0 0 0 0 0', 0),
('Dimak', 17, -1, '0 0 0 0 0 0 0', 0),
('Dimak', 18, -1, '0 0 0 0 0 0 0', 0),
('Dimak', 19, -1, '0 0 0 0 0 0 0', 0),
('Dimak', 20, -1, '0 0 0 0 0 0 0', 0),
('Dimak', 21, -1, '0 0 0 0 0 0 0', 0),
('Dimak', 22, -1, '0 0 0 0 0 0 0', 0),
('Dimak', 23, 306, '0 0 0 0 0 0 0', 2),
('Dimak', 24, 290, '0 0 0 0 0 0 0', 57),
('Dimak', 25, -1, '0 0 0 0 0 0 0', 0),
('Dimak', 26, -1, '0 0 0 0 0 0 0', 0),
('Dimak', 27, -1, '0 0 0 0 0 0 0', 0),
('Dimak', 28, -1, '0 0 0 0 0 0 0', 0),
('Dimak', 29, -1, '0 0 0 0 0 0 0', 0),
('Dimak', 30, -1, '0 0 0 0 0 0 0', 0),
('Dimak', 31, -1, '0 0 0 0 0 0 0', 0),
('Dimak', 32, -1, '0 0 0 0 0 0 0', 0),
('Dimak', 33, -1, '0 0 0 0 0 0 0', 0),
('Dimak', 34, -1, '0 0 0 0 0 0 0', 0),
('Dimak', 35, -1, '0 0 0 0 0 0 0', 0),
('Dimak', 36, -1, '0 0 0 0 0 0 0', 0),
('Dimak', 37, -1, '0 0 0 0 0 0 0', 0),
('Dimak', 38, -1, '0 0 0 0 0 0 0', 0),
('Dimak', 39, -1, '0 0 0 0 0 0 0', 0),
('Dimak', 40, -1, '0 0 0 0 0 0 0', 0),
('Dimak', 41, -1, '0 0 0 0 0 0 0', 0),
('Dimak', 42, -1, '0 0 0 0 0 0 0', 0),
('Dimak', 43, -1, '0 0 0 0 0 0 0', 0),
('Dimak', 44, -1, '0 0 0 0 0 0 0', 0),
('Dimak', 45, -1, '0 0 0 0 0 0 0', 0),
('Dimak', 46, -1, '0 0 0 0 0 0 0', 0),
('Dimak', 47, -1, '0 0 0 0 0 0 0', 0),
('Dimak', 48, -1, '0 0 0 0 0 0 0', 0),
('Dimak', 49, -1, '0 0 0 0 0 0 0', 0),
('Dimak', 50, -1, '0 0 0 0 0 0 0', 0),
('Dimak', 51, -1, '0 0 0 0 0 0 0', 0),
('Dimak', 52, -1, '0 0 0 0 0 0 0', 0),
('Dimak', 53, -1, '0 0 0 0 0 0 0', 0),
('Dimak', 54, -1, '0 0 0 0 0 0 0', 0),
('Dimak', 55, -1, '0 0 0 0 0 0 0', 0),
('Dimak', 56, -1, '0 0 0 0 0 0 0', 0),
('Dimak', 57, -1, '0 0 0 0 0 0 0', 0),
('Dimak', 58, -1, '0 0 0 0 0 0 0', 0),
('Dimak', 59, -1, '0 0 0 0 0 0 0', 0),
('Dimak', 60, -1, '0 0 0 0 0 0 0', 0),
('Dimak', 61, -1, '0 0 0 0 0 0 0', 0),
('Dimak', 62, -1, '0 0 0 0 0 0 0', 0),
('Dimak', 63, -1, '0 0 0 0 0 0 0', 0),
('Dimak', 64, -1, '0 0 0 0 0 0 0', 0),
('Dimak', 65, -1, '0 0 0 0 0 0 0', 0),
('Dimak', 66, -1, '0 0 0 0 0 0 0', 0),
('Dimak', 67, -1, '0 0 0 0 0 0 0', 0),
('Dimak', 68, -1, '0 0 0 0 0 0 0', 0),
('Dimak', 69, -1, '0 0 0 0 0 0 0', 0),
('Dimak', 70, -1, '0 0 0 0 0 0 0', 0),
('Dimak', 71, -1, '0 0 0 0 0 0 0', 0),
('Dimak', 72, -1, '0 0 0 0 0 0 0', 0),
('Dimak', 73, -1, '0 0 0 0 0 0 0', 0),
('Dimak', 74, -1, '0 0 0 0 0 0 0', 0),
('Dimak', 75, -1, '0 0 0 0 0 0 0', 0),
('Dimak', 76, -1, '0 0 0 0 0 0 0', 0),
('Dimak', 77, -1, '0 0 0 0 0 0 0', 0),
('Dimak', 78, -1, '0 0 0 0 0 0 0', 0),
('Dimak', 79, -1, '0 0 0 0 0 0 0', 0),
('Dimak', 80, -1, '0 0 0 0 0 0 0', 0),
('Dimak', 81, -1, '0 0 0 0 0 0 0', 0),
('Dimak', 82, -1, '0 0 0 0 0 0 0', 0),
('Dimak', 83, -1, '0 0 0 0 0 0 0', 0),
('Dimak', 84, -1, '0 0 0 0 0 0 0', 0),
('Dimak', 85, -1, '0 0 0 0 0 0 0', 0),
('Dimak', 86, -1, '0 0 0 0 0 0 0', 0),
('Dimak', 87, -1, '0 0 0 0 0 0 0', 0),
('Dimak', 88, -1, '0 0 0 0 0 0 0', 0),
('Dimak', 89, -1, '0 0 0 0 0 0 0', 0),
('Dimak', 90, -1, '0 0 0 0 0 0 0', 0),
('Dimak', 91, -1, '0 0 0 0 0 0 0', 0),
('Dimak', 92, -1, '0 0 0 0 0 0 0', 0),
('Dimak', 93, -1, '0 0 0 0 0 0 0', 0),
('Dimak', 94, -1, '0 0 0 0 0 0 0', 0),
('Dimak', 95, -1, '0 0 0 0 0 0 0', 0),
('Dimak', 96, -1, '0 0 0 0 0 0 0', 0),
('Dimak', 97, -1, '0 0 0 0 0 0 0', 0),
('Dimak', 98, -1, '0 0 0 0 0 0 0', 0),
('Dimak', 99, -1, '0 0 0 0 0 0 0', 0),
('Dimak', 100, 293, '0 0 0 0 0 0 0', 16),
('Dimak', 101, 294, '0 0 0 0 0 0 0', 18),
('Dimak', 102, 296, '0 0 0 0 0 0 0', 12),
('Dimak', 103, 295, '0 0 0 0 0 0 0', 10),
('Dimak', 104, 291, '0 0 0 0 0 0 0', 14),
('Dimak', 105, 292, '0 0 0 0 0 0 0', 12),
('Dimak', 106, -1, '0 0 0 0 0 0 0', 0),
('Dimak', 107, -1, '0 0 0 0 0 0 0', 0),
('Dimak', 108, -1, '0 0 0 0 0 0 0', 0),
('Dimak', 109, -1, '0 0 0 0 0 0 0', 0),
('Dimak', 110, -1, '0 0 0 0 0 0 0', 0),
('Dimak', 111, -1, '0 0 0 0 0 0 0', 0),
('Dimak', 112, -1, '0 0 0 0 0 0 0', 0),
('Dimak', 113, -1, '0 0 0 0 0 0 0', 0),
('Dimak', 114, -1, '0 0 0 0 0 0 0', 0),
('Dimak', 115, -1, '0 0 0 0 0 0 0', 0),
('Dimak', 116, -1, '0 0 0 0 0 0 0', 0),
('Dimak', 117, -1, '0 0 0 0 0 0 0', 0),
('Dimak', 118, -1, '0 0 0 0 0 0 0', 0),
('Dimak', 119, -1, '0 0 0 0 0 0 0', 0),
('Dimak', 120, -1, '0 0 0 0 0 0 0', 0),
('Dimak', 121, -1, '0 0 0 0 0 0 0', 0),
('Dimak', 122, -1, '0 0 0 0 0 0 0', 0),
('Dimak', 123, -1, '0 0 0 0 0 0 0', 0),
('Dimak', 124, 366, '0 0 0 0 0 0 0', 2904),
('Edem', 0, 283, '0 0 0 0 0 0 0', 28),
('Edem', 1, 82, '3 3 3 0 0 0 0', 1),
('Edem', 2, 137, '0 0 0 0 0 0 0', 1),
('Edem', 3, 284, '0 0 0 0 0 0 0', 33),
('Edem', 4, 286, '0 0 0 0 0 0 0', 1),
('Edem', 5, -1, '0 0 0 0 0 0 0', 0),
('Edem', 6, 282, '0 0 0 0 0 0 0', 6),
('Edem', 7, 1, '4 4 4 4 0 0 0', 1),
('Edem', 8, 285, '0 0 0 0 0 0 0', 13),
('Edem', 9, 5, '0 0 0 0 0 0 0', 1),
('Edem', 10, 84, '0 0 0 0 0 0 0', 1),
('Edem', 11, 137, '0 0 0 0 0 0 0', 1),
('Edem', 12, 87, '3 3 3 3 0 0 0', 1),
('Edem', 13, -1, '0 0 0 0 0 0 0', 0),
('Edem', 14, -1, '0 0 0 0 0 0 0', 0),
('Edem', 15, -1, '0 0 0 0 0 0 0', 0),
('Edem', 16, -1, '0 0 0 0 0 0 0', 0),
('Edem', 17, -1, '0 0 0 0 0 0 0', 0),
('Edem', 18, -1, '0 0 0 0 0 0 0', 0),
('Edem', 19, -1, '0 0 0 0 0 0 0', 0),
('Edem', 20, 138, '2 2 2 0 0 0 0', 1),
('Edem', 21, -1, '0 0 0 0 0 0 0', 0),
('Edem', 22, -1, '0 0 0 0 0 0 0', 0),
('Edem', 23, 306, '0 0 0 0 0 0 0', 2),
('Edem', 24, 290, '0 0 0 0 0 0 0', 6),
('Edem', 25, -1, '0 0 0 0 0 0 0', 0),
('Edem', 26, -1, '0 0 0 0 0 0 0', 0),
('Edem', 27, -1, '0 0 0 0 0 0 0', 0),
('Edem', 28, -1, '0 0 0 0 0 0 0', 0),
('Edem', 29, -1, '0 0 0 0 0 0 0', 0),
('Edem', 30, -1, '0 0 0 0 0 0 0', 0),
('Edem', 31, -1, '0 0 0 0 0 0 0', 0),
('Edem', 32, -1, '0 0 0 0 0 0 0', 0),
('Edem', 33, -1, '0 0 0 0 0 0 0', 0),
('Edem', 34, -1, '0 0 0 0 0 0 0', 0),
('Edem', 35, -1, '0 0 0 0 0 0 0', 0),
('Edem', 36, -1, '0 0 0 0 0 0 0', 0),
('Edem', 37, -1, '0 0 0 0 0 0 0', 0),
('Edem', 38, -1, '0 0 0 0 0 0 0', 0),
('Edem', 39, -1, '0 0 0 0 0 0 0', 0),
('Edem', 40, -1, '0 0 0 0 0 0 0', 0),
('Edem', 41, -1, '0 0 0 0 0 0 0', 0),
('Edem', 42, -1, '0 0 0 0 0 0 0', 0),
('Edem', 43, -1, '0 0 0 0 0 0 0', 0),
('Edem', 44, -1, '0 0 0 0 0 0 0', 0),
('Edem', 45, -1, '0 0 0 0 0 0 0', 0),
('Edem', 46, -1, '0 0 0 0 0 0 0', 0),
('Edem', 47, -1, '0 0 0 0 0 0 0', 0),
('Edem', 48, -1, '0 0 0 0 0 0 0', 0),
('Edem', 49, -1, '0 0 0 0 0 0 0', 0),
('Edem', 50, -1, '0 0 0 0 0 0 0', 0),
('Edem', 51, -1, '0 0 0 0 0 0 0', 0),
('Edem', 52, -1, '0 0 0 0 0 0 0', 0),
('Edem', 53, -1, '0 0 0 0 0 0 0', 0),
('Edem', 54, -1, '0 0 0 0 0 0 0', 0),
('Edem', 55, -1, '0 0 0 0 0 0 0', 0),
('Edem', 56, -1, '0 0 0 0 0 0 0', 0),
('Edem', 57, -1, '0 0 0 0 0 0 0', 0),
('Edem', 58, -1, '0 0 0 0 0 0 0', 0),
('Edem', 59, -1, '0 0 0 0 0 0 0', 0),
('Edem', 60, -1, '0 0 0 0 0 0 0', 0),
('Edem', 61, -1, '0 0 0 0 0 0 0', 0),
('Edem', 62, -1, '0 0 0 0 0 0 0', 0),
('Edem', 63, -1, '0 0 0 0 0 0 0', 0),
('Edem', 64, -1, '0 0 0 0 0 0 0', 0),
('Edem', 65, -1, '0 0 0 0 0 0 0', 0),
('Edem', 66, -1, '0 0 0 0 0 0 0', 0),
('Edem', 67, -1, '0 0 0 0 0 0 0', 0),
('Edem', 68, -1, '0 0 0 0 0 0 0', 0),
('Edem', 69, -1, '0 0 0 0 0 0 0', 0),
('Edem', 70, -1, '0 0 0 0 0 0 0', 0),
('Edem', 71, -1, '0 0 0 0 0 0 0', 0),
('Edem', 72, -1, '0 0 0 0 0 0 0', 0),
('Edem', 73, -1, '0 0 0 0 0 0 0', 0),
('Edem', 74, -1, '0 0 0 0 0 0 0', 0),
('Edem', 75, -1, '0 0 0 0 0 0 0', 0),
('Edem', 76, -1, '0 0 0 0 0 0 0', 0),
('Edem', 77, -1, '0 0 0 0 0 0 0', 0),
('Edem', 78, -1, '0 0 0 0 0 0 0', 0),
('Edem', 79, -1, '0 0 0 0 0 0 0', 0),
('Edem', 80, -1, '0 0 0 0 0 0 0', 0),
('Edem', 81, -1, '0 0 0 0 0 0 0', 0),
('Edem', 82, -1, '0 0 0 0 0 0 0', 0),
('Edem', 83, -1, '0 0 0 0 0 0 0', 0),
('Edem', 84, -1, '0 0 0 0 0 0 0', 0),
('Edem', 85, -1, '0 0 0 0 0 0 0', 0),
('Edem', 86, -1, '0 0 0 0 0 0 0', 0),
('Edem', 87, -1, '0 0 0 0 0 0 0', 0),
('Edem', 88, -1, '0 0 0 0 0 0 0', 0),
('Edem', 89, -1, '0 0 0 0 0 0 0', 0),
('Edem', 90, -1, '0 0 0 0 0 0 0', 0),
('Edem', 91, -1, '0 0 0 0 0 0 0', 0),
('Edem', 92, -1, '0 0 0 0 0 0 0', 0),
('Edem', 93, -1, '0 0 0 0 0 0 0', 0),
('Edem', 94, -1, '0 0 0 0 0 0 0', 0),
('Edem', 95, -1, '0 0 0 0 0 0 0', 0),
('Edem', 96, -1, '0 0 0 0 0 0 0', 0),
('Edem', 97, -1, '0 0 0 0 0 0 0', 0),
('Edem', 98, -1, '0 0 0 0 0 0 0', 0),
('Edem', 99, -1, '0 0 0 0 0 0 0', 0),
('Edem', 100, 295, '0 0 0 0 0 0 0', 22),
('Edem', 101, 292, '0 0 0 0 0 0 0', 10),
('Edem', 102, 291, '0 0 0 0 0 0 0', 6),
('Edem', 103, 294, '0 0 0 0 0 0 0', 14),
('Edem', 104, 293, '0 0 0 0 0 0 0', 22),
('Edem', 105, 296, '0 0 0 0 0 0 0', 22),
('Edem', 106, -1, '0 0 0 0 0 0 0', 0),
('Edem', 107, -1, '0 0 0 0 0 0 0', 0),
('Edem', 108, -1, '0 0 0 0 0 0 0', 0),
('Edem', 109, -1, '0 0 0 0 0 0 0', 0),
('Edem', 110, -1, '0 0 0 0 0 0 0', 0),
('Edem', 111, -1, '0 0 0 0 0 0 0', 0),
('Edem', 112, -1, '0 0 0 0 0 0 0', 0),
('Edem', 113, -1, '0 0 0 0 0 0 0', 0),
('Edem', 114, -1, '0 0 0 0 0 0 0', 0),
('Edem', 115, -1, '0 0 0 0 0 0 0', 0),
('Edem', 116, -1, '0 0 0 0 0 0 0', 0),
('Edem', 117, -1, '0 0 0 0 0 0 0', 0),
('Edem', 118, -1, '0 0 0 0 0 0 0', 0),
('Edem', 119, -1, '0 0 0 0 0 0 0', 0),
('Edem', 120, -1, '0 0 0 0 0 0 0', 0),
('Edem', 121, -1, '0 0 0 0 0 0 0', 0),
('Edem', 122, -1, '0 0 0 0 0 0 0', 0),
('Edem', 123, -1, '0 0 0 0 0 0 0', 0),
('Edem', 124, 366, '0 0 0 0 0 0 0', 11),
('CryptoClown', 0, 282, '0 0 0 0 0 0 0', 28),
('CryptoClown', 1, -1, '0 0 0 0 0 0 0', 0),
('CryptoClown', 2, 1, '1 4 4 4 0 0 0', 1),
('CryptoClown', 3, 285, '0 0 0 0 0 0 0', 15),
('CryptoClown', 4, 283, '0 0 0 0 0 0 0', 47),
('CryptoClown', 5, 16, '0 0 0 0 0 0 0', 1),
('CryptoClown', 6, 83, '3 3 3 0 0 0 0', 1),
('CryptoClown', 7, 284, '0 0 0 0 0 0 0', 32),
('CryptoClown', 8, 23, '0 0 0 0 0 0 0', 1),
('CryptoClown', 9, 286, '0 0 0 0 0 0 0', 1),
('CryptoClown', 10, 143, '0 0 0 0 0 0 0', 1),
('CryptoClown', 11, 143, '0 0 0 0 0 0 0', 1),
('CryptoClown', 12, 1, '0 0 0 0 0 0 0', 1),
('CryptoClown', 13, 137, '0 0 0 0 0 0 0', 1),
('CryptoClown', 14, 9, '0 0 0 0 0 0 0', 1),
('CryptoClown', 15, 138, '2 2 3 0 0 0 0', 1),
('CryptoClown', 16, -1, '0 0 0 0 0 0 0', 0),
('CryptoClown', 17, -1, '0 0 0 0 0 0 0', 0),
('CryptoClown', 18, -1, '0 0 0 0 0 0 0', 0),
('CryptoClown', 19, -1, '0 0 0 0 0 0 0', 0),
('CryptoClown', 20, 200, '3 3 0 0 0 0 0', 1),
('CryptoClown', 21, -1, '0 0 0 0 0 0 0', 0),
('CryptoClown', 22, 305, '0 0 0 0 0 0 0', 1),
('CryptoClown', 23, 306, '0 0 0 0 0 0 0', 3),
('CryptoClown', 24, 290, '0 0 0 0 0 0 0', 16),
('CryptoClown', 25, -1, '0 0 0 0 0 0 0', 0),
('CryptoClown', 26, -1, '0 0 0 0 0 0 0', 0),
('CryptoClown', 27, -1, '0 0 0 0 0 0 0', 0),
('CryptoClown', 28, -1, '0 0 0 0 0 0 0', 0),
('CryptoClown', 29, -1, '0 0 0 0 0 0 0', 0),
('CryptoClown', 30, -1, '0 0 0 0 0 0 0', 0),
('CryptoClown', 31, -1, '0 0 0 0 0 0 0', 0),
('CryptoClown', 32, -1, '0 0 0 0 0 0 0', 0),
('CryptoClown', 33, -1, '0 0 0 0 0 0 0', 0),
('CryptoClown', 34, -1, '0 0 0 0 0 0 0', 0),
('CryptoClown', 35, -1, '0 0 0 0 0 0 0', 0),
('CryptoClown', 36, -1, '0 0 0 0 0 0 0', 0),
('CryptoClown', 37, -1, '0 0 0 0 0 0 0', 0),
('CryptoClown', 38, -1, '0 0 0 0 0 0 0', 0),
('CryptoClown', 39, -1, '0 0 0 0 0 0 0', 0),
('CryptoClown', 40, -1, '0 0 0 0 0 0 0', 0),
('CryptoClown', 41, -1, '0 0 0 0 0 0 0', 0),
('CryptoClown', 42, -1, '0 0 0 0 0 0 0', 0),
('CryptoClown', 43, -1, '0 0 0 0 0 0 0', 0),
('CryptoClown', 44, -1, '0 0 0 0 0 0 0', 0),
('CryptoClown', 45, -1, '0 0 0 0 0 0 0', 0),
('CryptoClown', 46, -1, '0 0 0 0 0 0 0', 0),
('CryptoClown', 47, -1, '0 0 0 0 0 0 0', 0),
('CryptoClown', 48, -1, '0 0 0 0 0 0 0', 0),
('CryptoClown', 49, -1, '0 0 0 0 0 0 0', 0),
('CryptoClown', 50, -1, '0 0 0 0 0 0 0', 0),
('CryptoClown', 51, -1, '0 0 0 0 0 0 0', 0),
('CryptoClown', 52, -1, '0 0 0 0 0 0 0', 0),
('CryptoClown', 53, -1, '0 0 0 0 0 0 0', 0),
('CryptoClown', 54, -1, '0 0 0 0 0 0 0', 0),
('CryptoClown', 55, -1, '0 0 0 0 0 0 0', 0),
('CryptoClown', 56, -1, '0 0 0 0 0 0 0', 0),
('CryptoClown', 57, -1, '0 0 0 0 0 0 0', 0),
('CryptoClown', 58, -1, '0 0 0 0 0 0 0', 0),
('CryptoClown', 59, -1, '0 0 0 0 0 0 0', 0),
('CryptoClown', 60, -1, '0 0 0 0 0 0 0', 0),
('CryptoClown', 61, -1, '0 0 0 0 0 0 0', 0),
('CryptoClown', 62, -1, '0 0 0 0 0 0 0', 0),
('CryptoClown', 63, -1, '0 0 0 0 0 0 0', 0),
('CryptoClown', 64, -1, '0 0 0 0 0 0 0', 0),
('CryptoClown', 65, -1, '0 0 0 0 0 0 0', 0),
('CryptoClown', 66, -1, '0 0 0 0 0 0 0', 0),
('CryptoClown', 67, -1, '0 0 0 0 0 0 0', 0),
('CryptoClown', 68, -1, '0 0 0 0 0 0 0', 0),
('CryptoClown', 69, -1, '0 0 0 0 0 0 0', 0),
('CryptoClown', 70, -1, '0 0 0 0 0 0 0', 0),
('CryptoClown', 71, -1, '0 0 0 0 0 0 0', 0),
('CryptoClown', 72, -1, '0 0 0 0 0 0 0', 0),
('CryptoClown', 73, -1, '0 0 0 0 0 0 0', 0),
('CryptoClown', 74, -1, '0 0 0 0 0 0 0', 0),
('CryptoClown', 75, -1, '0 0 0 0 0 0 0', 0),
('CryptoClown', 76, -1, '0 0 0 0 0 0 0', 0),
('CryptoClown', 77, -1, '0 0 0 0 0 0 0', 0),
('CryptoClown', 78, -1, '0 0 0 0 0 0 0', 0),
('CryptoClown', 79, -1, '0 0 0 0 0 0 0', 0),
('CryptoClown', 80, -1, '0 0 0 0 0 0 0', 0),
('CryptoClown', 81, -1, '0 0 0 0 0 0 0', 0),
('CryptoClown', 82, -1, '0 0 0 0 0 0 0', 0),
('CryptoClown', 83, -1, '0 0 0 0 0 0 0', 0),
('CryptoClown', 84, -1, '0 0 0 0 0 0 0', 0),
('CryptoClown', 85, -1, '0 0 0 0 0 0 0', 0),
('CryptoClown', 86, -1, '0 0 0 0 0 0 0', 0),
('CryptoClown', 87, -1, '0 0 0 0 0 0 0', 0),
('CryptoClown', 88, -1, '0 0 0 0 0 0 0', 0),
('CryptoClown', 89, -1, '0 0 0 0 0 0 0', 0),
('CryptoClown', 90, -1, '0 0 0 0 0 0 0', 0),
('CryptoClown', 91, -1, '0 0 0 0 0 0 0', 0),
('CryptoClown', 92, -1, '0 0 0 0 0 0 0', 0),
('CryptoClown', 93, -1, '0 0 0 0 0 0 0', 0),
('CryptoClown', 94, -1, '0 0 0 0 0 0 0', 0),
('CryptoClown', 95, -1, '0 0 0 0 0 0 0', 0),
('CryptoClown', 96, -1, '0 0 0 0 0 0 0', 0),
('CryptoClown', 97, -1, '0 0 0 0 0 0 0', 0),
('CryptoClown', 98, -1, '0 0 0 0 0 0 0', 0),
('CryptoClown', 99, -1, '0 0 0 0 0 0 0', 0),
('CryptoClown', 100, 292, '0 0 0 0 0 0 0', 28),
('CryptoClown', 101, 295, '0 0 0 0 0 0 0', 22),
('CryptoClown', 102, 294, '0 0 0 0 0 0 0', 14),
('CryptoClown', 103, 293, '0 0 0 0 0 0 0', 18),
('CryptoClown', 104, 291, '0 0 0 0 0 0 0', 12),
('CryptoClown', 105, 296, '0 0 0 0 0 0 0', 4),
('CryptoClown', 106, -1, '0 0 0 0 0 0 0', 0),
('CryptoClown', 107, -1, '0 0 0 0 0 0 0', 0),
('CryptoClown', 108, -1, '0 0 0 0 0 0 0', 0),
('CryptoClown', 109, -1, '0 0 0 0 0 0 0', 0),
('CryptoClown', 110, -1, '0 0 0 0 0 0 0', 0),
('CryptoClown', 111, -1, '0 0 0 0 0 0 0', 0),
('CryptoClown', 112, -1, '0 0 0 0 0 0 0', 0),
('CryptoClown', 113, -1, '0 0 0 0 0 0 0', 0),
('CryptoClown', 114, -1, '0 0 0 0 0 0 0', 0),
('CryptoClown', 115, -1, '0 0 0 0 0 0 0', 0),
('CryptoClown', 116, -1, '0 0 0 0 0 0 0', 0),
('CryptoClown', 117, -1, '0 0 0 0 0 0 0', 0),
('CryptoClown', 118, -1, '0 0 0 0 0 0 0', 0),
('CryptoClown', 119, -1, '0 0 0 0 0 0 0', 0),
('CryptoClown', 120, -1, '0 0 0 0 0 0 0', 0),
('CryptoClown', 121, -1, '0 0 0 0 0 0 0', 0),
('CryptoClown', 122, -1, '0 0 0 0 0 0 0', 0),
('CryptoClown', 123, -1, '0 0 0 0 0 0 0', 0),
('CryptoClown', 124, 366, '0 0 0 0 0 0 0', 1090),
('GENDOS', 0, 11, '1 1 1 0 0 0 0', 1),
('GENDOS', 1, 9, '0 0 0 0 0 0 0', 1),
('GENDOS', 2, 17, '0 0 0 0 0 0 0', 1),
('GENDOS', 3, 283, '0 0 0 0 0 0 0', 106),
('GENDOS', 4, 284, '0 0 0 0 0 0 0', 102),
('GENDOS', 5, 285, '0 0 0 0 0 0 0', 3),
('GENDOS', 6, -1, '0 0 0 0 0 0 0', 0),
('GENDOS', 7, 156, '0 0 0 0 0 0 0', 1),
('GENDOS', 8, 147, '0 0 0 0 0 0 0', 1),
('GENDOS', 9, 282, '0 0 0 0 0 0 0', 90),
('GENDOS', 10, 144, '0 0 0 0 0 0 0', 1),
('GENDOS', 11, 9, '0 0 0 0 0 0 0', 1),
('GENDOS', 12, 144, '0 0 0 0 0 0 0', 1),
('GENDOS', 13, 9, '0 0 0 0 0 0 0', 1),
('GENDOS', 14, 144, '3 3 3 3 0 0 0', 1),
('GENDOS', 15, 10, '1 1 1 1 0 0 0', 1),
('GENDOS', 16, 88, '3 3 3 3 0 0 0', 1),
('GENDOS', 17, 142, '0 0 0 0 0 0 0', 1),
('GENDOS', 18, 146, '0 0 0 0 0 0 0', 1),
('GENDOS', 19, -1, '0 0 0 0 0 0 0', 0),
('GENDOS', 20, 297, '0 0 0 0 0 0 0', 2),
('GENDOS', 21, 139, '0 0 0 0 0 0 0', 1),
('GENDOS', 22, 306, '0 0 0 0 0 0 0', 4),
('GENDOS', 23, 149, '3 0 0 0 0 0 0', 1),
('GENDOS', 24, 290, '0 0 0 0 0 0 0', 73),
('GENDOS', 25, 9, '0 0 0 0 0 0 0', 1),
('GENDOS', 26, 144, '0 0 0 0 0 0 0', 1),
('GENDOS', 27, 9, '0 0 0 0 0 0 0', 1),
('GENDOS', 28, 9, '0 0 0 0 0 0 0', 1),
('GENDOS', 29, 149, '0 0 0 0 0 0 0', 1),
('GENDOS', 30, -1, '0 0 0 0 0 0 0', 0),
('GENDOS', 31, -1, '0 0 0 0 0 0 0', 0),
('GENDOS', 32, -1, '0 0 0 0 0 0 0', 0),
('GENDOS', 33, -1, '0 0 0 0 0 0 0', 0),
('GENDOS', 34, -1, '0 0 0 0 0 0 0', 0),
('GENDOS', 35, -1, '0 0 0 0 0 0 0', 0),
('GENDOS', 36, -1, '0 0 0 0 0 0 0', 0),
('GENDOS', 37, -1, '0 0 0 0 0 0 0', 0),
('GENDOS', 38, -1, '0 0 0 0 0 0 0', 0),
('GENDOS', 39, -1, '0 0 0 0 0 0 0', 0),
('GENDOS', 40, -1, '0 0 0 0 0 0 0', 0),
('GENDOS', 41, -1, '0 0 0 0 0 0 0', 0),
('GENDOS', 42, -1, '0 0 0 0 0 0 0', 0),
('GENDOS', 43, -1, '0 0 0 0 0 0 0', 0),
('GENDOS', 44, -1, '0 0 0 0 0 0 0', 0),
('GENDOS', 45, -1, '0 0 0 0 0 0 0', 0),
('GENDOS', 46, -1, '0 0 0 0 0 0 0', 0),
('GENDOS', 47, -1, '0 0 0 0 0 0 0', 0),
('GENDOS', 48, -1, '0 0 0 0 0 0 0', 0),
('GENDOS', 49, -1, '0 0 0 0 0 0 0', 0),
('GENDOS', 50, -1, '0 0 0 0 0 0 0', 0),
('GENDOS', 51, -1, '0 0 0 0 0 0 0', 0),
('GENDOS', 52, -1, '0 0 0 0 0 0 0', 0),
('GENDOS', 53, -1, '0 0 0 0 0 0 0', 0),
('GENDOS', 54, -1, '0 0 0 0 0 0 0', 0),
('GENDOS', 55, -1, '0 0 0 0 0 0 0', 0),
('GENDOS', 56, -1, '0 0 0 0 0 0 0', 0),
('GENDOS', 57, -1, '0 0 0 0 0 0 0', 0),
('GENDOS', 58, -1, '0 0 0 0 0 0 0', 0),
('GENDOS', 59, -1, '0 0 0 0 0 0 0', 0),
('GENDOS', 60, -1, '0 0 0 0 0 0 0', 0),
('GENDOS', 61, -1, '0 0 0 0 0 0 0', 0),
('GENDOS', 62, -1, '0 0 0 0 0 0 0', 0),
('GENDOS', 63, -1, '0 0 0 0 0 0 0', 0),
('GENDOS', 64, -1, '0 0 0 0 0 0 0', 0),
('GENDOS', 65, -1, '0 0 0 0 0 0 0', 0),
('GENDOS', 66, -1, '0 0 0 0 0 0 0', 0),
('GENDOS', 67, -1, '0 0 0 0 0 0 0', 0),
('GENDOS', 68, -1, '0 0 0 0 0 0 0', 0),
('GENDOS', 69, -1, '0 0 0 0 0 0 0', 0),
('GENDOS', 70, -1, '0 0 0 0 0 0 0', 0),
('GENDOS', 71, -1, '0 0 0 0 0 0 0', 0),
('GENDOS', 72, -1, '0 0 0 0 0 0 0', 0),
('GENDOS', 73, -1, '0 0 0 0 0 0 0', 0),
('GENDOS', 74, -1, '0 0 0 0 0 0 0', 0),
('GENDOS', 75, -1, '0 0 0 0 0 0 0', 0),
('GENDOS', 76, -1, '0 0 0 0 0 0 0', 0),
('GENDOS', 77, -1, '0 0 0 0 0 0 0', 0),
('GENDOS', 78, -1, '0 0 0 0 0 0 0', 0),
('GENDOS', 79, -1, '0 0 0 0 0 0 0', 0),
('GENDOS', 80, -1, '0 0 0 0 0 0 0', 0),
('GENDOS', 81, -1, '0 0 0 0 0 0 0', 0),
('GENDOS', 82, -1, '0 0 0 0 0 0 0', 0),
('GENDOS', 83, -1, '0 0 0 0 0 0 0', 0),
('GENDOS', 84, -1, '0 0 0 0 0 0 0', 0),
('GENDOS', 85, -1, '0 0 0 0 0 0 0', 0),
('GENDOS', 86, -1, '0 0 0 0 0 0 0', 0),
('GENDOS', 87, -1, '0 0 0 0 0 0 0', 0),
('GENDOS', 88, -1, '0 0 0 0 0 0 0', 0),
('GENDOS', 89, -1, '0 0 0 0 0 0 0', 0),
('GENDOS', 90, -1, '0 0 0 0 0 0 0', 0),
('GENDOS', 91, -1, '0 0 0 0 0 0 0', 0),
('GENDOS', 92, -1, '0 0 0 0 0 0 0', 0),
('GENDOS', 93, -1, '0 0 0 0 0 0 0', 0),
('GENDOS', 94, -1, '0 0 0 0 0 0 0', 0),
('GENDOS', 95, -1, '0 0 0 0 0 0 0', 0),
('GENDOS', 96, -1, '0 0 0 0 0 0 0', 0),
('GENDOS', 97, -1, '0 0 0 0 0 0 0', 0),
('GENDOS', 98, -1, '0 0 0 0 0 0 0', 0),
('GENDOS', 99, -1, '0 0 0 0 0 0 0', 0),
('GENDOS', 100, 292, '0 0 0 0 0 0 0', 33),
('GENDOS', 101, 295, '0 0 0 0 0 0 0', 47),
('GENDOS', 102, 294, '0 0 0 0 0 0 0', 40),
('GENDOS', 103, 296, '0 0 0 0 0 0 0', 39),
('GENDOS', 104, 293, '0 0 0 0 0 0 0', 35),
('GENDOS', 105, 291, '0 0 0 0 0 0 0', 27),
('GENDOS', 106, -1, '0 0 0 0 0 0 0', 0),
('GENDOS', 107, -1, '0 0 0 0 0 0 0', 0),
('GENDOS', 108, -1, '0 0 0 0 0 0 0', 0),
('GENDOS', 109, -1, '0 0 0 0 0 0 0', 0),
('GENDOS', 110, -1, '0 0 0 0 0 0 0', 0),
('GENDOS', 111, -1, '0 0 0 0 0 0 0', 0),
('GENDOS', 112, -1, '0 0 0 0 0 0 0', 0),
('GENDOS', 113, -1, '0 0 0 0 0 0 0', 0),
('GENDOS', 114, -1, '0 0 0 0 0 0 0', 0),
('GENDOS', 115, -1, '0 0 0 0 0 0 0', 0),
('GENDOS', 116, -1, '0 0 0 0 0 0 0', 0),
('GENDOS', 117, -1, '0 0 0 0 0 0 0', 0),
('GENDOS', 118, -1, '0 0 0 0 0 0 0', 0),
('GENDOS', 119, -1, '0 0 0 0 0 0 0', 0),
('GENDOS', 120, -1, '0 0 0 0 0 0 0', 0),
('GENDOS', 121, -1, '0 0 0 0 0 0 0', 0),
('GENDOS', 122, -1, '0 0 0 0 0 0 0', 0),
('GENDOS', 123, -1, '0 0 0 0 0 0 0', 0),
('GENDOS', 124, 366, '0 0 0 0 0 0 0', 1),
('Ilushniy', 0, 82, '3 3 3 3 0 0 0', 1),
('Ilushniy', 1, 137, '0 0 0 0 0 0 0', 1),
('Ilushniy', 2, 282, '0 0 0 0 0 0 0', 14),
('Ilushniy', 3, 284, '0 0 0 0 0 0 0', 36),
('Ilushniy', 4, 210, '0 0 0 0 0 0 0', 1),
('Ilushniy', 5, 305, '0 0 0 0 0 0 0', 1),
('Ilushniy', 6, 312, '0 0 0 0 0 0 0', 12),
('Ilushniy', 7, 283, '0 0 0 0 0 0 0', 31),
('Ilushniy', 8, 138, '3 3 3 0 0 0 0', 1),
('Ilushniy', 9, -1, '0 0 0 0 0 0 0', 0),
('Ilushniy', 10, -1, '0 0 0 0 0 0 0', 0),
('Ilushniy', 11, 82, '0 0 0 0 0 0 0', 1),
('Ilushniy', 12, 137, '0 0 0 0 0 0 0', 1),
('Ilushniy', 13, 201, '0 0 0 0 0 0 0', 1),
('Ilushniy', 14, 143, '0 0 0 0 0 0 0', 1),
('Ilushniy', 15, -1, '0 0 0 0 0 0 0', 0),
('Ilushniy', 16, -1, '0 0 0 0 0 0 0', 0),
('Ilushniy', 17, 137, '0 0 0 0 0 0 0', 1),
('Ilushniy', 18, 1, '4 4 4 4 0 0 0', 1),
('Ilushniy', 19, 86, '0 0 0 0 0 0 0', 1),
('Ilushniy', 20, 84, '0 0 0 0 0 0 0', 1),
('Ilushniy', 21, 143, '0 0 0 0 0 0 0', 1),
('Ilushniy', 22, 288, '0 0 0 0 0 0 0', 1),
('Ilushniy', 23, 290, '0 0 0 0 0 0 0', 47),
('Ilushniy', 24, 306, '0 0 0 0 0 0 0', 3),
('Ilushniy', 25, 137, '0 0 0 0 0 0 0', 1),
('Ilushniy', 26, -1, '0 0 0 0 0 0 0', 0),
('Ilushniy', 27, -1, '0 0 0 0 0 0 0', 0),
('Ilushniy', 28, -1, '0 0 0 0 0 0 0', 0),
('Ilushniy', 29, -1, '0 0 0 0 0 0 0', 0),
('Ilushniy', 30, -1, '0 0 0 0 0 0 0', 0),
('Ilushniy', 31, -1, '0 0 0 0 0 0 0', 0),
('Ilushniy', 32, -1, '0 0 0 0 0 0 0', 0),
('Ilushniy', 33, -1, '0 0 0 0 0 0 0', 0),
('Ilushniy', 34, -1, '0 0 0 0 0 0 0', 0),
('Ilushniy', 35, -1, '0 0 0 0 0 0 0', 0),
('Ilushniy', 36, -1, '0 0 0 0 0 0 0', 0),
('Ilushniy', 37, -1, '0 0 0 0 0 0 0', 0),
('Ilushniy', 38, -1, '0 0 0 0 0 0 0', 0),
('Ilushniy', 39, -1, '0 0 0 0 0 0 0', 0),
('Ilushniy', 40, -1, '0 0 0 0 0 0 0', 0),
('Ilushniy', 41, -1, '0 0 0 0 0 0 0', 0),
('Ilushniy', 42, -1, '0 0 0 0 0 0 0', 0),
('Ilushniy', 43, -1, '0 0 0 0 0 0 0', 0),
('Ilushniy', 44, -1, '0 0 0 0 0 0 0', 0),
('Ilushniy', 45, -1, '0 0 0 0 0 0 0', 0),
('Ilushniy', 46, -1, '0 0 0 0 0 0 0', 0),
('Ilushniy', 47, -1, '0 0 0 0 0 0 0', 0),
('Ilushniy', 48, -1, '0 0 0 0 0 0 0', 0),
('Ilushniy', 49, -1, '0 0 0 0 0 0 0', 0),
('Ilushniy', 50, -1, '0 0 0 0 0 0 0', 0),
('Ilushniy', 51, -1, '0 0 0 0 0 0 0', 0),
('Ilushniy', 52, -1, '0 0 0 0 0 0 0', 0),
('Ilushniy', 53, -1, '0 0 0 0 0 0 0', 0),
('Ilushniy', 54, -1, '0 0 0 0 0 0 0', 0),
('Ilushniy', 55, -1, '0 0 0 0 0 0 0', 0),
('Ilushniy', 56, -1, '0 0 0 0 0 0 0', 0),
('Ilushniy', 57, -1, '0 0 0 0 0 0 0', 0),
('Ilushniy', 58, -1, '0 0 0 0 0 0 0', 0),
('Ilushniy', 59, -1, '0 0 0 0 0 0 0', 0),
('Ilushniy', 60, -1, '0 0 0 0 0 0 0', 0),
('Ilushniy', 61, -1, '0 0 0 0 0 0 0', 0),
('Ilushniy', 62, -1, '0 0 0 0 0 0 0', 0),
('Ilushniy', 63, -1, '0 0 0 0 0 0 0', 0),
('Ilushniy', 64, -1, '0 0 0 0 0 0 0', 0),
('Ilushniy', 65, -1, '0 0 0 0 0 0 0', 0),
('Ilushniy', 66, -1, '0 0 0 0 0 0 0', 0),
('Ilushniy', 67, -1, '0 0 0 0 0 0 0', 0),
('Ilushniy', 68, -1, '0 0 0 0 0 0 0', 0),
('Ilushniy', 69, -1, '0 0 0 0 0 0 0', 0),
('Ilushniy', 70, -1, '0 0 0 0 0 0 0', 0),
('Ilushniy', 71, -1, '0 0 0 0 0 0 0', 0),
('Ilushniy', 72, -1, '0 0 0 0 0 0 0', 0),
('Ilushniy', 73, -1, '0 0 0 0 0 0 0', 0),
('Ilushniy', 74, -1, '0 0 0 0 0 0 0', 0),
('Ilushniy', 75, -1, '0 0 0 0 0 0 0', 0),
('Ilushniy', 76, -1, '0 0 0 0 0 0 0', 0),
('Ilushniy', 77, -1, '0 0 0 0 0 0 0', 0),
('Ilushniy', 78, -1, '0 0 0 0 0 0 0', 0),
('Ilushniy', 79, -1, '0 0 0 0 0 0 0', 0),
('Ilushniy', 80, -1, '0 0 0 0 0 0 0', 0),
('Ilushniy', 81, -1, '0 0 0 0 0 0 0', 0),
('Ilushniy', 82, -1, '0 0 0 0 0 0 0', 0),
('Ilushniy', 83, -1, '0 0 0 0 0 0 0', 0),
('Ilushniy', 84, -1, '0 0 0 0 0 0 0', 0),
('Ilushniy', 85, -1, '0 0 0 0 0 0 0', 0),
('Ilushniy', 86, -1, '0 0 0 0 0 0 0', 0),
('Ilushniy', 87, -1, '0 0 0 0 0 0 0', 0),
('Ilushniy', 88, -1, '0 0 0 0 0 0 0', 0),
('Ilushniy', 89, -1, '0 0 0 0 0 0 0', 0),
('Ilushniy', 90, -1, '0 0 0 0 0 0 0', 0),
('Ilushniy', 91, -1, '0 0 0 0 0 0 0', 0),
('Ilushniy', 92, -1, '0 0 0 0 0 0 0', 0),
('Ilushniy', 93, -1, '0 0 0 0 0 0 0', 0),
('Ilushniy', 94, -1, '0 0 0 0 0 0 0', 0),
('Ilushniy', 95, -1, '0 0 0 0 0 0 0', 0),
('Ilushniy', 96, -1, '0 0 0 0 0 0 0', 0),
('Ilushniy', 97, -1, '0 0 0 0 0 0 0', 0),
('Ilushniy', 98, -1, '0 0 0 0 0 0 0', 0),
('Ilushniy', 99, -1, '0 0 0 0 0 0 0', 0),
('Ilushniy', 100, 294, '0 0 0 0 0 0 0', 26),
('Ilushniy', 101, 292, '0 0 0 0 0 0 0', 12),
('Ilushniy', 102, 291, '0 0 0 0 0 0 0', 16),
('Ilushniy', 103, 295, '0 0 0 0 0 0 0', 32),
('Ilushniy', 104, 293, '0 0 0 0 0 0 0', 10),
('Ilushniy', 105, 296, '0 0 0 0 0 0 0', 12),
('Ilushniy', 106, -1, '0 0 0 0 0 0 0', 0),
('Ilushniy', 107, -1, '0 0 0 0 0 0 0', 0),
('Ilushniy', 108, -1, '0 0 0 0 0 0 0', 0),
('Ilushniy', 109, -1, '0 0 0 0 0 0 0', 0),
('Ilushniy', 110, -1, '0 0 0 0 0 0 0', 0),
('Ilushniy', 111, -1, '0 0 0 0 0 0 0', 0),
('Ilushniy', 112, -1, '0 0 0 0 0 0 0', 0),
('Ilushniy', 113, -1, '0 0 0 0 0 0 0', 0),
('Ilushniy', 114, -1, '0 0 0 0 0 0 0', 0),
('Ilushniy', 115, -1, '0 0 0 0 0 0 0', 0),
('Ilushniy', 116, -1, '0 0 0 0 0 0 0', 0),
('Ilushniy', 117, -1, '0 0 0 0 0 0 0', 0),
('Ilushniy', 118, -1, '0 0 0 0 0 0 0', 0),
('Ilushniy', 119, -1, '0 0 0 0 0 0 0', 0),
('Ilushniy', 120, -1, '0 0 0 0 0 0 0', 0),
('Ilushniy', 121, -1, '0 0 0 0 0 0 0', 0),
('Ilushniy', 122, -1, '0 0 0 0 0 0 0', 0),
('Ilushniy', 123, -1, '0 0 0 0 0 0 0', 0),
('Ilushniy', 124, 366, '0 0 0 0 0 0 0', 1),
('Lusi', 0, 305, '0 0 0 0 0 0 0', 1),
('Lusi', 1, 137, '3 3 3 3 0 0 0', 1),
('Lusi', 2, 282, '0 0 0 0 0 0 0', 43),
('Lusi', 3, 283, '0 0 0 0 0 0 0', 68),
('Lusi', 4, -1, '0 0 0 0 0 0 0', 0),
('Lusi', 5, 137, '0 0 0 0 0 0 0', 1),
('Lusi', 6, 88, '0 0 0 0 0 0 0', 1),
('Lusi', 7, 284, '0 0 0 0 0 0 0', 57),
('Lusi', 8, 152, '0 0 0 0 0 0 0', 1),
('Lusi', 9, 285, '0 0 0 0 0 0 0', 20),
('Lusi', 10, 306, '0 0 0 0 0 0 0', 1),
('Lusi', 11, 93, '0 0 0 0 0 0 0', 1),
('Lusi', 12, 2, '0 0 0 0 0 0 0', 1),
('Lusi', 13, 137, '0 0 0 0 0 0 0', 1),
('Lusi', 14, 137, '0 0 0 0 0 0 0', 1),
('Lusi', 15, 2, '1 1 1 0 0 0 0', 1),
('Lusi', 16, 2, '1 1 1 1 0 0 0', 1),
('Lusi', 17, -1, '0 0 0 0 0 0 0', 0),
('Lusi', 18, -1, '0 0 0 0 0 0 0', 0),
('Lusi', 19, -1, '0 0 0 0 0 0 0', 0),
('Lusi', 20, 1, '1 1 1 1 0 0 0', 1),
('Lusi', 21, -1, '0 0 0 0 0 0 0', 0),
('Lusi', 22, 286, '0 0 0 0 0 0 0', 6),
('Lusi', 23, -1, '0 0 0 0 0 0 0', 0),
('Lusi', 24, 290, '0 0 0 0 0 0 0', 53),
('Lusi', 25, -1, '0 0 0 0 0 0 0', 0),
('Lusi', 26, -1, '0 0 0 0 0 0 0', 0),
('Lusi', 27, -1, '0 0 0 0 0 0 0', 0),
('Lusi', 28, -1, '0 0 0 0 0 0 0', 0),
('Lusi', 29, -1, '0 0 0 0 0 0 0', 0),
('Lusi', 30, -1, '0 0 0 0 0 0 0', 0),
('Lusi', 31, -1, '0 0 0 0 0 0 0', 0),
('Lusi', 32, -1, '0 0 0 0 0 0 0', 0),
('Lusi', 33, -1, '0 0 0 0 0 0 0', 0),
('Lusi', 34, -1, '0 0 0 0 0 0 0', 0),
('Lusi', 35, -1, '0 0 0 0 0 0 0', 0),
('Lusi', 36, -1, '0 0 0 0 0 0 0', 0),
('Lusi', 37, -1, '0 0 0 0 0 0 0', 0),
('Lusi', 38, -1, '0 0 0 0 0 0 0', 0),
('Lusi', 39, -1, '0 0 0 0 0 0 0', 0),
('Lusi', 40, -1, '0 0 0 0 0 0 0', 0),
('Lusi', 41, -1, '0 0 0 0 0 0 0', 0),
('Lusi', 42, -1, '0 0 0 0 0 0 0', 0),
('Lusi', 43, -1, '0 0 0 0 0 0 0', 0),
('Lusi', 44, -1, '0 0 0 0 0 0 0', 0),
('Lusi', 45, -1, '0 0 0 0 0 0 0', 0),
('Lusi', 46, -1, '0 0 0 0 0 0 0', 0),
('Lusi', 47, -1, '0 0 0 0 0 0 0', 0),
('Lusi', 48, -1, '0 0 0 0 0 0 0', 0),
('Lusi', 49, -1, '0 0 0 0 0 0 0', 0),
('Lusi', 50, -1, '0 0 0 0 0 0 0', 0),
('Lusi', 51, -1, '0 0 0 0 0 0 0', 0),
('Lusi', 52, -1, '0 0 0 0 0 0 0', 0),
('Lusi', 53, -1, '0 0 0 0 0 0 0', 0),
('Lusi', 54, -1, '0 0 0 0 0 0 0', 0),
('Lusi', 55, -1, '0 0 0 0 0 0 0', 0),
('Lusi', 56, -1, '0 0 0 0 0 0 0', 0),
('Lusi', 57, -1, '0 0 0 0 0 0 0', 0),
('Lusi', 58, -1, '0 0 0 0 0 0 0', 0),
('Lusi', 59, -1, '0 0 0 0 0 0 0', 0),
('Lusi', 60, -1, '0 0 0 0 0 0 0', 0),
('Lusi', 61, -1, '0 0 0 0 0 0 0', 0),
('Lusi', 62, -1, '0 0 0 0 0 0 0', 0),
('Lusi', 63, -1, '0 0 0 0 0 0 0', 0),
('Lusi', 64, -1, '0 0 0 0 0 0 0', 0),
('Lusi', 65, -1, '0 0 0 0 0 0 0', 0),
('Lusi', 66, -1, '0 0 0 0 0 0 0', 0),
('Lusi', 67, -1, '0 0 0 0 0 0 0', 0),
('Lusi', 68, -1, '0 0 0 0 0 0 0', 0),
('Lusi', 69, -1, '0 0 0 0 0 0 0', 0),
('Lusi', 70, -1, '0 0 0 0 0 0 0', 0),
('Lusi', 71, -1, '0 0 0 0 0 0 0', 0),
('Lusi', 72, -1, '0 0 0 0 0 0 0', 0),
('Lusi', 73, -1, '0 0 0 0 0 0 0', 0),
('Lusi', 74, -1, '0 0 0 0 0 0 0', 0),
('Lusi', 75, -1, '0 0 0 0 0 0 0', 0),
('Lusi', 76, -1, '0 0 0 0 0 0 0', 0),
('Lusi', 77, -1, '0 0 0 0 0 0 0', 0),
('Lusi', 78, -1, '0 0 0 0 0 0 0', 0),
('Lusi', 79, -1, '0 0 0 0 0 0 0', 0),
('Lusi', 80, -1, '0 0 0 0 0 0 0', 0),
('Lusi', 81, -1, '0 0 0 0 0 0 0', 0),
('Lusi', 82, -1, '0 0 0 0 0 0 0', 0),
('Lusi', 83, -1, '0 0 0 0 0 0 0', 0),
('Lusi', 84, -1, '0 0 0 0 0 0 0', 0),
('Lusi', 85, -1, '0 0 0 0 0 0 0', 0),
('Lusi', 86, -1, '0 0 0 0 0 0 0', 0),
('Lusi', 87, -1, '0 0 0 0 0 0 0', 0),
('Lusi', 88, -1, '0 0 0 0 0 0 0', 0),
('Lusi', 89, -1, '0 0 0 0 0 0 0', 0),
('Lusi', 90, -1, '0 0 0 0 0 0 0', 0),
('Lusi', 91, -1, '0 0 0 0 0 0 0', 0),
('Lusi', 92, -1, '0 0 0 0 0 0 0', 0),
('Lusi', 93, -1, '0 0 0 0 0 0 0', 0),
('Lusi', 94, -1, '0 0 0 0 0 0 0', 0),
('Lusi', 95, -1, '0 0 0 0 0 0 0', 0),
('Lusi', 96, -1, '0 0 0 0 0 0 0', 0),
('Lusi', 97, -1, '0 0 0 0 0 0 0', 0),
('Lusi', 98, -1, '0 0 0 0 0 0 0', 0),
('Lusi', 99, -1, '0 0 0 0 0 0 0', 0),
('Lusi', 100, 293, '0 0 0 0 0 0 0', 30),
('Lusi', 101, 294, '0 0 0 0 0 0 0', 38),
('Lusi', 102, 295, '0 0 0 0 0 0 0', 20),
('Lusi', 103, 291, '0 0 0 0 0 0 0', 8),
('Lusi', 104, 296, '0 0 0 0 0 0 0', 22),
('Lusi', 105, 292, '0 0 0 0 0 0 0', 24),
('Lusi', 106, -1, '0 0 0 0 0 0 0', 0),
('Lusi', 107, -1, '0 0 0 0 0 0 0', 0),
('Lusi', 108, -1, '0 0 0 0 0 0 0', 0),
('Lusi', 109, -1, '0 0 0 0 0 0 0', 0),
('Lusi', 110, -1, '0 0 0 0 0 0 0', 0),
('Lusi', 111, -1, '0 0 0 0 0 0 0', 0),
('Lusi', 112, -1, '0 0 0 0 0 0 0', 0),
('Lusi', 113, -1, '0 0 0 0 0 0 0', 0),
('Lusi', 114, -1, '0 0 0 0 0 0 0', 0),
('Lusi', 115, -1, '0 0 0 0 0 0 0', 0),
('Lusi', 116, -1, '0 0 0 0 0 0 0', 0),
('Lusi', 117, -1, '0 0 0 0 0 0 0', 0),
('Lusi', 118, -1, '0 0 0 0 0 0 0', 0),
('Lusi', 119, -1, '0 0 0 0 0 0 0', 0),
('Lusi', 120, -1, '0 0 0 0 0 0 0', 0),
('Lusi', 121, -1, '0 0 0 0 0 0 0', 0),
('Lusi', 122, -1, '0 0 0 0 0 0 0', 0),
('Lusi', 123, -1, '0 0 0 0 0 0 0', 0),
('Lusi', 124, 366, '0 0 0 0 0 0 0', 13170),
('Sheep', 0, 9, '0 0 0 0 0 0 0', 1),
('Sheep', 1, 9, '0 0 0 0 0 0 0', 1),
('Sheep', 2, 285, '0 0 0 0 0 0 0', 13),
('Sheep', 3, 282, '0 0 0 0 0 0 0', 67),
('Sheep', 4, 9, '4 4 4 4 0 0 0', 1),
('Sheep', 5, 88, '3 3 3 3 0 0 0', 1),
('Sheep', 6, 284, '0 0 0 0 0 0 0', 82),
('Sheep', 7, 143, '3 3 3 3 0 0 0', 1),
('Sheep', 8, 21, '0 0 0 0 0 0 0', 1),
('Sheep', 9, 283, '0 0 0 0 0 0 0', 86),
('Sheep', 10, 88, '0 0 0 0 0 0 0', 1),
('Sheep', 11, 286, '0 0 0 0 0 0 0', 14),
('Sheep', 12, 150, '0 0 0 0 0 0 0', 1),
('Sheep', 13, -1, '0 0 0 0 0 0 0', 0),
('Sheep', 14, 22, '0 0 0 0 0 0 0', 1),
('Sheep', 15, 9, '0 0 0 0 0 0 0', 1);
INSERT INTO `inventories` (`PlayerName`, `SlotID`, `ItemID`, `SlotMod`, `Count`) VALUES
('Sheep', 16, 203, '0 0 0 0 0 0 0', 1),
('Sheep', 17, 9, '0 0 0 0 0 0 0', 1),
('Sheep', 18, 143, '0 0 0 0 0 0 0', 1),
('Sheep', 19, 93, '0 0 0 0 0 0 0', 1),
('Sheep', 20, 202, '0 0 0 0 0 0 0', 1),
('Sheep', 21, 143, '0 0 0 0 0 0 0', 1),
('Sheep', 22, 9, '0 0 0 0 0 0 0', 1),
('Sheep', 23, 143, '0 0 0 0 0 0 0', 1),
('Sheep', 24, 290, '0 0 0 0 0 0 0', 189),
('Sheep', 25, 143, '0 0 0 0 0 0 0', 1),
('Sheep', 26, 306, '0 0 0 0 0 0 0', 8),
('Sheep', 27, 349, '0 0 0 0 0 0 0', 1),
('Sheep', 28, -1, '0 0 0 0 0 0 0', 0),
('Sheep', 29, -1, '0 0 0 0 0 0 0', 0),
('Sheep', 30, -1, '0 0 0 0 0 0 0', 0),
('Sheep', 31, -1, '0 0 0 0 0 0 0', 0),
('Sheep', 32, 92, '0 0 0 0 0 0 0', 1),
('Sheep', 33, 165, '0 0 0 0 0 0 0', 1),
('Sheep', 34, 149, '0 0 0 0 0 0 0', 1),
('Sheep', 35, -1, '3 0 0 0 0 0 0', 0),
('Sheep', 36, -1, '1 0 0 0 0 0 0', 0),
('Sheep', 37, 287, '0 0 0 0 0 0 0', 1),
('Sheep', 38, 202, '0 0 0 0 0 0 0', 1),
('Sheep', 39, 149, '0 0 0 0 0 0 0', 1),
('Sheep', 40, 17, '0 0 0 0 0 0 0', 1),
('Sheep', 41, -1, '0 0 0 0 0 0 0', 0),
('Sheep', 42, 155, '3 3 3 3 0 0 0', 1),
('Sheep', 43, -1, '0 0 0 0 0 0 0', 0),
('Sheep', 44, 25, '0 0 0 0 0 0 0', 1),
('Sheep', 45, 10, '0 0 0 0 0 0 0', 1),
('Sheep', 46, -1, '0 0 0 0 0 0 0', 0),
('Sheep', 47, -1, '0 0 0 0 0 0 0', 0),
('Sheep', 48, -1, '0 0 0 0 0 0 0', 0),
('Sheep', 49, -1, '0 0 0 0 0 0 0', 0),
('Sheep', 50, -1, '0 0 0 0 0 0 0', 0),
('Sheep', 51, -1, '0 0 0 0 0 0 0', 0),
('Sheep', 52, -1, '0 0 0 0 0 0 0', 0),
('Sheep', 53, -1, '0 0 0 0 0 0 0', 0),
('Sheep', 54, -1, '0 0 0 0 0 0 0', 0),
('Sheep', 55, -1, '0 0 0 0 0 0 0', 0),
('Sheep', 56, -1, '0 0 0 0 0 0 0', 0),
('Sheep', 57, -1, '0 0 0 0 0 0 0', 0),
('Sheep', 58, -1, '0 0 0 0 0 0 0', 0),
('Sheep', 59, -1, '0 0 0 0 0 0 0', 0),
('Sheep', 60, -1, '0 0 0 0 0 0 0', 0),
('Sheep', 61, -1, '0 0 0 0 0 0 0', 0),
('Sheep', 62, -1, '0 0 0 0 0 0 0', 0),
('Sheep', 63, -1, '0 0 0 0 0 0 0', 0),
('Sheep', 64, -1, '0 0 0 0 0 0 0', 0),
('Sheep', 65, -1, '0 0 0 0 0 0 0', 0),
('Sheep', 66, -1, '0 0 0 0 0 0 0', 0),
('Sheep', 67, -1, '0 0 0 0 0 0 0', 0),
('Sheep', 68, -1, '0 0 0 0 0 0 0', 0),
('Sheep', 69, -1, '0 0 0 0 0 0 0', 0),
('Sheep', 70, -1, '0 0 0 0 0 0 0', 0),
('Sheep', 71, -1, '0 0 0 0 0 0 0', 0),
('Sheep', 72, -1, '0 0 0 0 0 0 0', 0),
('Sheep', 73, -1, '0 0 0 0 0 0 0', 0),
('Sheep', 74, -1, '0 0 0 0 0 0 0', 0),
('Sheep', 75, -1, '0 0 0 0 0 0 0', 0),
('Sheep', 76, -1, '0 0 0 0 0 0 0', 0),
('Sheep', 77, -1, '0 0 0 0 0 0 0', 0),
('Sheep', 78, -1, '0 0 0 0 0 0 0', 0),
('Sheep', 79, -1, '0 0 0 0 0 0 0', 0),
('Sheep', 80, -1, '0 0 0 0 0 0 0', 0),
('Sheep', 81, -1, '0 0 0 0 0 0 0', 0),
('Sheep', 82, -1, '0 0 0 0 0 0 0', 0),
('Sheep', 83, -1, '0 0 0 0 0 0 0', 0),
('Sheep', 84, -1, '0 0 0 0 0 0 0', 0),
('Sheep', 85, -1, '0 0 0 0 0 0 0', 0),
('Sheep', 86, -1, '0 0 0 0 0 0 0', 0),
('Sheep', 87, -1, '0 0 0 0 0 0 0', 0),
('Sheep', 88, -1, '0 0 0 0 0 0 0', 0),
('Sheep', 89, -1, '0 0 0 0 0 0 0', 0),
('Sheep', 90, -1, '0 0 0 0 0 0 0', 0),
('Sheep', 91, -1, '0 0 0 0 0 0 0', 0),
('Sheep', 92, -1, '0 0 0 0 0 0 0', 0),
('Sheep', 93, -1, '0 0 0 0 0 0 0', 0),
('Sheep', 94, -1, '0 0 0 0 0 0 0', 0),
('Sheep', 95, -1, '0 0 0 0 0 0 0', 0),
('Sheep', 96, -1, '0 0 0 0 0 0 0', 0),
('Sheep', 97, -1, '0 0 0 0 0 0 0', 0),
('Sheep', 98, -1, '0 0 0 0 0 0 0', 0),
('Sheep', 99, -1, '0 0 0 0 0 0 0', 0),
('Sheep', 100, 294, '0 0 0 0 0 0 0', 101),
('Sheep', 101, 292, '0 0 0 0 0 0 0', 76),
('Sheep', 102, 296, '0 0 0 0 0 0 0', 59),
('Sheep', 103, 295, '0 0 0 0 0 0 0', 71),
('Sheep', 104, 293, '0 0 0 0 0 0 0', 95),
('Sheep', 105, 291, '0 0 0 0 0 0 0', 37),
('Sheep', 106, -1, '0 0 0 0 0 0 0', 0),
('Sheep', 107, -1, '0 0 0 0 0 0 0', 0),
('Sheep', 108, -1, '0 0 0 0 0 0 0', 0),
('Sheep', 109, -1, '0 0 0 0 0 0 0', 0),
('Sheep', 110, -1, '0 0 0 0 0 0 0', 0),
('Sheep', 111, -1, '0 0 0 0 0 0 0', 0),
('Sheep', 112, -1, '0 0 0 0 0 0 0', 0),
('Sheep', 113, -1, '0 0 0 0 0 0 0', 0),
('Sheep', 114, -1, '0 0 0 0 0 0 0', 0),
('Sheep', 115, -1, '0 0 0 0 0 0 0', 0),
('Sheep', 116, -1, '0 0 0 0 0 0 0', 0),
('Sheep', 117, -1, '0 0 0 0 0 0 0', 0),
('Sheep', 118, -1, '0 0 0 0 0 0 0', 0),
('Sheep', 119, -1, '0 0 0 0 0 0 0', 0),
('Sheep', 120, -1, '0 0 0 0 0 0 0', 0),
('Sheep', 121, -1, '0 0 0 0 0 0 0', 0),
('Sheep', 122, -1, '0 0 0 0 0 0 0', 0),
('Sheep', 123, -1, '0 0 0 0 0 0 0', 0),
('Sheep', 124, 366, '0 0 0 0 0 0 0', 23858),
('Kit', 0, -1, '0 0 0 0 0 0 0', 0),
('Kit', 1, 366, '0 0 0 0 0 0 0', 320),
('Kit', 2, -1, '0 0 0 0 0 0 0', 0),
('Kit', 3, -1, '0 0 0 0 0 0 0', 0),
('Kit', 4, 286, '0 0 0 0 0 0 0', 1),
('Kit', 5, 285, '0 0 0 0 0 0 0', 122),
('Kit', 6, 284, '0 0 0 0 0 0 0', 47),
('Kit', 7, 282, '0 0 0 0 0 0 0', 53),
('Kit', 8, -1, '0 0 0 0 0 0 0', 0),
('Kit', 9, 283, '0 0 0 0 0 0 0', 102),
('Kit', 10, -1, '0 0 0 0 0 0 0', 0),
('Kit', 11, -1, '0 0 0 0 0 0 0', 0),
('Kit', 12, -1, '0 0 0 0 0 0 0', 0),
('Kit', 13, -1, '0 0 0 0 0 0 0', 0),
('Kit', 14, -1, '0 0 0 0 0 0 0', 0),
('Kit', 15, 26, '0 0 0 0 0 0 0', 1),
('Kit', 16, -1, '0 0 0 0 0 0 0', 0),
('Kit', 17, -1, '0 0 0 0 0 0 0', 0),
('Kit', 18, -1, '0 0 0 0 0 0 0', 0),
('Kit', 19, -1, '0 0 0 0 0 0 0', 0),
('Kit', 20, 169, '3 3 3 3 0 0 0', 1),
('Kit', 21, -1, '0 0 0 0 0 0 0', 0),
('Kit', 22, 113, '0 0 0 0 0 0 0', 1),
('Kit', 23, -1, '0 0 0 0 0 0 0', 0),
('Kit', 24, 48, '0 0 0 0 0 0 0', 1),
('Kit', 25, -1, '0 0 0 0 0 0 0', 0),
('Kit', 26, -1, '0 0 0 0 0 0 0', 0),
('Kit', 27, -1, '0 0 0 0 0 0 0', 0),
('Kit', 28, -1, '0 0 0 0 0 0 0', 0),
('Kit', 29, -1, '0 0 0 0 0 0 0', 0),
('Kit', 30, -1, '0 0 0 0 0 0 0', 0),
('Kit', 31, -1, '0 0 0 0 0 0 0', 0),
('Kit', 32, -1, '2 2 2 0 0 0 0', 0),
('Kit', 33, -1, '1 1 1 0 0 0 0', 0),
('Kit', 34, -1, '0 0 0 0 0 0 0', 0),
('Kit', 35, -1, '0 0 0 0 0 0 0', 0),
('Kit', 36, -1, '0 0 0 0 0 0 0', 0),
('Kit', 37, 305, '0 0 0 0 0 0 0', 1),
('Kit', 38, 290, '0 0 0 0 0 0 0', 214),
('Kit', 39, 306, '0 0 0 0 0 0 0', 14),
('Kit', 40, 292, '0 0 0 0 0 0 0', 104),
('Kit', 41, -1, '0 0 0 0 0 0 0', 0),
('Kit', 42, -1, '0 0 0 0 0 0 0', 0),
('Kit', 43, -1, '0 0 0 0 0 0 0', 0),
('Kit', 44, -1, '0 0 0 0 0 0 0', 0),
('Kit', 45, 296, '0 0 0 0 0 0 0', 53),
('Kit', 46, 293, '0 0 0 0 0 0 0', 56),
('Kit', 47, 295, '0 0 0 0 0 0 0', 61),
('Kit', 48, 291, '0 0 0 0 0 0 0', 57),
('Kit', 49, 294, '0 0 0 0 0 0 0', 95),
('Kit', 50, -1, '0 0 0 0 0 0 0', 0),
('Kit', 51, -1, '0 0 0 0 0 0 0', 0),
('Kit', 52, -1, '0 0 0 0 0 0 0', 0),
('Kit', 53, -1, '0 0 0 0 0 0 0', 0),
('Kit', 54, -1, '0 0 0 0 0 0 0', 0),
('Kit', 55, -1, '0 0 0 0 0 0 0', 0),
('Kit', 56, -1, '0 0 0 0 0 0 0', 0),
('Kit', 57, -1, '0 0 0 0 0 0 0', 0),
('Kit', 58, -1, '0 0 0 0 0 0 0', 0),
('Kit', 59, -1, '0 0 0 0 0 0 0', 0),
('Kit', 60, -1, '0 0 0 0 0 0 0', 0),
('Kit', 61, -1, '0 0 0 0 0 0 0', 0),
('Kit', 62, -1, '0 0 0 0 0 0 0', 0),
('Kit', 63, -1, '0 0 0 0 0 0 0', 0),
('Kit', 64, -1, '0 0 0 0 0 0 0', 0),
('Kit', 65, -1, '0 0 0 0 0 0 0', 0),
('Kit', 66, -1, '0 0 0 0 0 0 0', 0),
('Kit', 67, -1, '0 0 0 0 0 0 0', 0),
('Kit', 68, -1, '0 0 0 0 0 0 0', 0),
('Kit', 69, -1, '0 0 0 0 0 0 0', 0),
('Kit', 70, -1, '0 0 0 0 0 0 0', 0),
('Kit', 71, -1, '0 0 0 0 0 0 0', 0),
('Kit', 72, -1, '0 0 0 0 0 0 0', 0),
('Kit', 73, -1, '0 0 0 0 0 0 0', 0),
('Kit', 74, -1, '0 0 0 0 0 0 0', 0),
('Kit', 75, -1, '0 0 0 0 0 0 0', 0),
('Kit', 76, -1, '0 0 0 0 0 0 0', 0),
('Kit', 77, -1, '0 0 0 0 0 0 0', 0),
('Kit', 78, -1, '0 0 0 0 0 0 0', 0),
('Kit', 79, -1, '0 0 0 0 0 0 0', 0),
('Kit', 80, -1, '0 0 0 0 0 0 0', 0),
('Kit', 81, -1, '0 0 0 0 0 0 0', 0),
('Kit', 82, -1, '0 0 0 0 0 0 0', 0),
('Kit', 83, -1, '0 0 0 0 0 0 0', 0),
('Kit', 84, -1, '0 0 0 0 0 0 0', 0),
('Kit', 85, -1, '0 0 0 0 0 0 0', 0),
('Kit', 86, -1, '0 0 0 0 0 0 0', 0),
('Kit', 87, -1, '0 0 0 0 0 0 0', 0),
('Kit', 88, -1, '0 0 0 0 0 0 0', 0),
('Kit', 89, -1, '0 0 0 0 0 0 0', 0),
('Kit', 90, -1, '0 0 0 0 0 0 0', 0),
('Kit', 91, -1, '0 0 0 0 0 0 0', 0),
('Kit', 92, -1, '0 0 0 0 0 0 0', 0),
('Kit', 93, -1, '0 0 0 0 0 0 0', 0),
('Kit', 94, -1, '0 0 0 0 0 0 0', 0),
('Kit', 95, -1, '0 0 0 0 0 0 0', 0),
('Kit', 96, -1, '0 0 0 0 0 0 0', 0),
('Kit', 97, -1, '0 0 0 0 0 0 0', 0),
('Kit', 98, -1, '0 0 0 0 0 0 0', 0),
('Kit', 99, -1, '0 0 0 0 0 0 0', 0),
('Kit', 100, -1, '0 0 0 0 0 0 0', 0),
('Kit', 101, -1, '0 0 0 0 0 0 0', 0),
('Kit', 102, -1, '0 0 0 0 0 0 0', 0),
('Kit', 103, -1, '0 0 0 0 0 0 0', 0),
('Kit', 104, -1, '0 0 0 0 0 0 0', 0),
('Kit', 105, -1, '0 0 0 0 0 0 0', 0),
('Kit', 106, -1, '0 0 0 0 0 0 0', 0),
('Kit', 107, -1, '0 0 0 0 0 0 0', 0),
('Kit', 108, -1, '0 0 0 0 0 0 0', 0),
('Kit', 109, -1, '0 0 0 0 0 0 0', 0),
('Kit', 110, -1, '0 0 0 0 0 0 0', 0),
('Kit', 111, -1, '0 0 0 0 0 0 0', 0),
('Kit', 112, -1, '0 0 0 0 0 0 0', 0),
('Kit', 113, -1, '0 0 0 0 0 0 0', 0),
('Kit', 114, -1, '0 0 0 0 0 0 0', 0),
('Kit', 115, -1, '0 0 0 0 0 0 0', 0),
('Kit', 116, -1, '0 0 0 0 0 0 0', 0),
('Kit', 117, -1, '0 0 0 0 0 0 0', 0),
('Kit', 118, -1, '0 0 0 0 0 0 0', 0),
('Kit', 119, -1, '0 0 0 0 0 0 0', 0),
('Kit', 120, -1, '0 0 0 0 0 0 0', 0),
('Kit', 121, -1, '0 0 0 0 0 0 0', 0),
('Kit', 122, -1, '0 0 0 0 0 0 0', 0),
('Kit', 123, -1, '0 0 0 0 0 0 0', 0),
('Kit', 124, -1, '0 0 0 0 0 0 0', 0),
('C_S_V', 0, -1, '0 0 0 0 0 0 0', 0),
('C_S_V', 1, -1, '0 0 0 0 0 0 0', 0),
('C_S_V', 2, -1, '0 0 0 0 0 0 0', 0),
('C_S_V', 3, -1, '0 0 0 0 0 0 0', 0),
('C_S_V', 4, -1, '0 0 0 0 0 0 0', 0),
('C_S_V', 5, -1, '0 0 0 0 0 0 0', 0),
('C_S_V', 6, -1, '0 0 0 0 0 0 0', 0),
('C_S_V', 7, -1, '0 0 0 0 0 0 0', 0),
('C_S_V', 8, -1, '0 0 0 0 0 0 0', 0),
('C_S_V', 9, -1, '0 0 0 0 0 0 0', 0),
('C_S_V', 10, -1, '0 0 0 0 0 0 0', 0),
('C_S_V', 11, -1, '0 0 0 0 0 0 0', 0),
('C_S_V', 12, -1, '0 0 0 0 0 0 0', 0),
('C_S_V', 13, -1, '0 0 0 0 0 0 0', 0),
('C_S_V', 14, -1, '0 0 0 0 0 0 0', 0),
('C_S_V', 15, -1, '0 0 0 0 0 0 0', 0),
('C_S_V', 16, -1, '0 0 0 0 0 0 0', 0),
('C_S_V', 17, -1, '0 0 0 0 0 0 0', 0),
('C_S_V', 18, -1, '0 0 0 0 0 0 0', 0),
('C_S_V', 19, 25, '1 1 1 1 1 0 0', 1),
('C_S_V', 20, 9, '0 0 0 0 0 0 0', 1),
('C_S_V', 21, 285, '0 0 0 0 0 0 0', 49),
('C_S_V', 22, 283, '0 0 0 0 0 0 0', 83),
('C_S_V', 23, 282, '0 0 0 0 0 0 0', 9),
('C_S_V', 24, 284, '0 0 0 0 0 0 0', 90),
('C_S_V', 25, -1, '0 0 0 0 0 0 0', 0),
('C_S_V', 26, -1, '0 0 0 0 0 0 0', 0),
('C_S_V', 27, -1, '0 0 0 0 0 0 0', 0),
('C_S_V', 28, -1, '0 0 0 0 0 0 0', 0),
('C_S_V', 29, -1, '0 0 0 0 0 0 0', 0),
('C_S_V', 30, -1, '0 0 0 0 0 0 0', 0),
('C_S_V', 31, -1, '0 0 0 0 0 0 0', 0),
('C_S_V', 32, -1, '0 0 0 0 0 0 0', 0),
('C_S_V', 33, -1, '0 0 0 0 0 0 0', 0),
('C_S_V', 34, -1, '0 0 0 0 0 0 0', 0),
('C_S_V', 35, -1, '0 0 0 0 0 0 0', 0),
('C_S_V', 36, -1, '0 0 0 0 0 0 0', 0),
('C_S_V', 37, 305, '0 0 0 0 0 0 0', 1),
('C_S_V', 38, 306, '0 0 0 0 0 0 0', 9),
('C_S_V', 39, 290, '0 0 0 0 0 0 0', 22),
('C_S_V', 40, 294, '0 0 0 0 0 0 0', 34),
('C_S_V', 41, -1, '0 0 0 0 0 0 0', 0),
('C_S_V', 42, -1, '0 0 0 0 0 0 0', 0),
('C_S_V', 43, -1, '0 0 0 0 0 0 0', 0),
('C_S_V', 44, -1, '0 0 0 0 0 0 0', 0),
('C_S_V', 45, 292, '0 0 0 0 0 0 0', 44),
('C_S_V', 46, 295, '0 0 0 0 0 0 0', 32),
('C_S_V', 47, 296, '0 0 0 0 0 0 0', 65),
('C_S_V', 48, 293, '0 0 0 0 0 0 0', 31),
('C_S_V', 49, 291, '0 0 0 0 0 0 0', 39),
('C_S_V', 50, -1, '0 0 0 0 0 0 0', 0),
('C_S_V', 51, -1, '0 0 0 0 0 0 0', 0),
('C_S_V', 52, -1, '0 0 0 0 0 0 0', 0),
('C_S_V', 53, -1, '0 0 0 0 0 0 0', 0),
('C_S_V', 54, -1, '0 0 0 0 0 0 0', 0),
('C_S_V', 55, -1, '0 0 0 0 0 0 0', 0),
('C_S_V', 56, -1, '0 0 0 0 0 0 0', 0),
('C_S_V', 57, -1, '0 0 0 0 0 0 0', 0),
('C_S_V', 58, -1, '0 0 0 0 0 0 0', 0),
('C_S_V', 59, -1, '0 0 0 0 0 0 0', 0),
('C_S_V', 60, -1, '0 0 0 0 0 0 0', 0),
('C_S_V', 61, -1, '0 0 0 0 0 0 0', 0),
('C_S_V', 62, -1, '0 0 0 0 0 0 0', 0),
('C_S_V', 63, -1, '0 0 0 0 0 0 0', 0),
('C_S_V', 64, -1, '0 0 0 0 0 0 0', 0),
('C_S_V', 65, -1, '0 0 0 0 0 0 0', 0),
('C_S_V', 66, -1, '0 0 0 0 0 0 0', 0),
('C_S_V', 67, -1, '0 0 0 0 0 0 0', 0),
('C_S_V', 68, -1, '0 0 0 0 0 0 0', 0),
('C_S_V', 69, -1, '0 0 0 0 0 0 0', 0),
('C_S_V', 70, -1, '0 0 0 0 0 0 0', 0),
('C_S_V', 71, -1, '0 0 0 0 0 0 0', 0),
('C_S_V', 72, -1, '0 0 0 0 0 0 0', 0),
('C_S_V', 73, -1, '0 0 0 0 0 0 0', 0),
('C_S_V', 74, -1, '0 0 0 0 0 0 0', 0),
('C_S_V', 75, -1, '0 0 0 0 0 0 0', 0),
('C_S_V', 76, -1, '0 0 0 0 0 0 0', 0),
('C_S_V', 77, -1, '0 0 0 0 0 0 0', 0),
('C_S_V', 78, -1, '0 0 0 0 0 0 0', 0),
('C_S_V', 79, -1, '0 0 0 0 0 0 0', 0),
('C_S_V', 80, -1, '0 0 0 0 0 0 0', 0),
('C_S_V', 81, -1, '0 0 0 0 0 0 0', 0),
('C_S_V', 82, -1, '0 0 0 0 0 0 0', 0),
('C_S_V', 83, -1, '0 0 0 0 0 0 0', 0),
('C_S_V', 84, -1, '0 0 0 0 0 0 0', 0),
('C_S_V', 85, -1, '0 0 0 0 0 0 0', 0),
('C_S_V', 86, -1, '0 0 0 0 0 0 0', 0),
('C_S_V', 87, -1, '0 0 0 0 0 0 0', 0),
('C_S_V', 88, -1, '0 0 0 0 0 0 0', 0),
('C_S_V', 89, -1, '0 0 0 0 0 0 0', 0),
('C_S_V', 90, -1, '0 0 0 0 0 0 0', 0),
('C_S_V', 91, -1, '0 0 0 0 0 0 0', 0),
('C_S_V', 92, -1, '0 0 0 0 0 0 0', 0),
('C_S_V', 93, -1, '0 0 0 0 0 0 0', 0),
('C_S_V', 94, -1, '0 0 0 0 0 0 0', 0),
('C_S_V', 95, -1, '0 0 0 0 0 0 0', 0),
('C_S_V', 96, -1, '0 0 0 0 0 0 0', 0),
('C_S_V', 97, -1, '0 0 0 0 0 0 0', 0),
('C_S_V', 98, -1, '0 0 0 0 0 0 0', 0),
('C_S_V', 99, -1, '0 0 0 0 0 0 0', 0),
('C_S_V', 100, -1, '0 0 0 0 0 0 0', 0),
('C_S_V', 101, -1, '0 0 0 0 0 0 0', 0),
('C_S_V', 102, -1, '0 0 0 0 0 0 0', 0),
('C_S_V', 103, -1, '0 0 0 0 0 0 0', 0),
('C_S_V', 104, -1, '0 0 0 0 0 0 0', 0),
('C_S_V', 105, -1, '0 0 0 0 0 0 0', 0),
('C_S_V', 106, -1, '0 0 0 0 0 0 0', 0),
('C_S_V', 107, -1, '0 0 0 0 0 0 0', 0),
('C_S_V', 108, -1, '0 0 0 0 0 0 0', 0),
('C_S_V', 109, -1, '0 0 0 0 0 0 0', 0),
('C_S_V', 110, -1, '0 0 0 0 0 0 0', 0),
('C_S_V', 111, -1, '0 0 0 0 0 0 0', 0),
('C_S_V', 112, -1, '0 0 0 0 0 0 0', 0),
('C_S_V', 113, -1, '0 0 0 0 0 0 0', 0),
('C_S_V', 114, -1, '0 0 0 0 0 0 0', 0),
('C_S_V', 115, -1, '0 0 0 0 0 0 0', 0),
('C_S_V', 116, -1, '0 0 0 0 0 0 0', 0),
('C_S_V', 117, -1, '0 0 0 0 0 0 0', 0),
('C_S_V', 118, -1, '0 0 0 0 0 0 0', 0),
('C_S_V', 119, -1, '0 0 0 0 0 0 0', 0),
('C_S_V', 120, -1, '0 0 0 0 0 0 0', 0),
('C_S_V', 121, -1, '0 0 0 0 0 0 0', 0),
('C_S_V', 122, -1, '0 0 0 0 0 0 0', 0),
('C_S_V', 123, -1, '0 0 0 0 0 0 0', 0),
('C_S_V', 124, -1, '0 0 0 0 0 0 0', 0),
('Pepe', 0, 290, '0 0 0 0 0 0 0', 26),
('Pepe', 1, -1, '1 0 0 0 0 0 0', 0),
('Pepe', 2, -1, '2 0 0 0 0 0 0', 0),
('Pepe', 3, 334, '0 0 0 0 0 0 0', 1),
('Pepe', 4, 287, '0 0 0 0 0 0 0', 1),
('Pepe', 5, 284, '0 0 0 0 0 0 0', 72),
('Pepe', 6, 282, '0 0 0 0 0 0 0', 57),
('Pepe', 7, 283, '0 0 0 0 0 0 0', 16),
('Pepe', 8, -1, '0 0 0 0 0 0 0', 0),
('Pepe', 9, -1, '0 0 0 0 0 0 0', 0),
('Pepe', 10, 285, '0 0 0 0 0 0 0', 3),
('Pepe', 11, -1, '0 0 0 0 0 0 0', 0),
('Pepe', 12, -1, '0 0 0 0 0 0 0', 0),
('Pepe', 13, 149, '3 0 0 0 0 0 0', 1),
('Pepe', 14, 106, '0 0 0 0 0 0 0', 1),
('Pepe', 15, -1, '0 0 0 0 0 0 0', 0),
('Pepe', 16, -1, '0 0 0 0 0 0 0', 0),
('Pepe', 17, -1, '0 0 0 0 0 0 0', 0),
('Pepe', 18, -1, '0 0 0 0 0 0 0', 0),
('Pepe', 19, 106, '0 0 0 0 0 0 0', 1),
('Pepe', 20, -1, '0 0 0 0 0 0 0', 0),
('Pepe', 21, -1, '0 0 0 0 0 0 0', 0),
('Pepe', 22, -1, '0 0 0 0 0 0 0', 0),
('Pepe', 23, -1, '0 0 0 0 0 0 0', 0),
('Pepe', 24, 288, '0 0 0 0 0 0 0', 1),
('Pepe', 25, -1, '0 0 0 0 0 0 0', 0),
('Pepe', 26, -1, '0 0 0 0 0 0 0', 0),
('Pepe', 27, -1, '0 0 0 0 0 0 0', 0),
('Pepe', 28, -1, '0 0 0 0 0 0 0', 0),
('Pepe', 29, -1, '0 0 0 0 0 0 0', 0),
('Pepe', 30, -1, '0 0 0 0 0 0 0', 0),
('Pepe', 31, -1, '0 0 0 0 0 0 0', 0),
('Pepe', 32, -1, '0 0 0 0 0 0 0', 0),
('Pepe', 33, -1, '0 0 0 0 0 0 0', 0),
('Pepe', 34, -1, '0 0 0 0 0 0 0', 0),
('Pepe', 35, -1, '0 0 0 0 0 0 0', 0),
('Pepe', 36, -1, '0 0 0 0 0 0 0', 0),
('Pepe', 37, -1, '0 0 0 0 0 0 0', 0),
('Pepe', 38, -1, '0 0 0 0 0 0 0', 0),
('Pepe', 39, 306, '0 0 0 0 0 0 0', 32),
('Pepe', 40, 295, '0 0 0 0 0 0 0', 42),
('Pepe', 41, -1, '0 0 0 0 0 0 0', 0),
('Pepe', 42, -1, '0 0 0 0 0 0 0', 0),
('Pepe', 43, -1, '0 0 0 0 0 0 0', 0),
('Pepe', 44, -1, '0 0 0 0 0 0 0', 0),
('Pepe', 45, 292, '0 0 0 0 0 0 0', 78),
('Pepe', 46, 291, '0 0 0 0 0 0 0', 99),
('Pepe', 47, 293, '0 0 0 0 0 0 0', 99),
('Pepe', 48, 294, '0 0 0 0 0 0 0', 97),
('Pepe', 49, 296, '0 0 0 0 0 0 0', 70),
('Pepe', 50, -1, '0 0 0 0 0 0 0', 0),
('Pepe', 51, -1, '0 0 0 0 0 0 0', 0),
('Pepe', 52, -1, '0 0 0 0 0 0 0', 0),
('Pepe', 53, -1, '0 0 0 0 0 0 0', 0),
('Pepe', 54, -1, '0 0 0 0 0 0 0', 0),
('Pepe', 55, -1, '0 0 0 0 0 0 0', 0),
('Pepe', 56, -1, '0 0 0 0 0 0 0', 0),
('Pepe', 57, -1, '0 0 0 0 0 0 0', 0),
('Pepe', 58, -1, '0 0 0 0 0 0 0', 0),
('Pepe', 59, -1, '0 0 0 0 0 0 0', 0),
('Pepe', 60, -1, '0 0 0 0 0 0 0', 0),
('Pepe', 61, -1, '0 0 0 0 0 0 0', 0),
('Pepe', 62, -1, '0 0 0 0 0 0 0', 0),
('Pepe', 63, -1, '0 0 0 0 0 0 0', 0),
('Pepe', 64, -1, '0 0 0 0 0 0 0', 0),
('Pepe', 65, -1, '0 0 0 0 0 0 0', 0),
('Pepe', 66, -1, '0 0 0 0 0 0 0', 0),
('Pepe', 67, -1, '0 0 0 0 0 0 0', 0),
('Pepe', 68, -1, '0 0 0 0 0 0 0', 0),
('Pepe', 69, -1, '0 0 0 0 0 0 0', 0),
('Pepe', 70, -1, '0 0 0 0 0 0 0', 0),
('Pepe', 71, -1, '0 0 0 0 0 0 0', 0),
('Pepe', 72, -1, '0 0 0 0 0 0 0', 0),
('Pepe', 73, -1, '0 0 0 0 0 0 0', 0),
('Pepe', 74, -1, '0 0 0 0 0 0 0', 0),
('Pepe', 75, -1, '0 0 0 0 0 0 0', 0),
('Pepe', 76, -1, '0 0 0 0 0 0 0', 0),
('Pepe', 77, -1, '0 0 0 0 0 0 0', 0),
('Pepe', 78, -1, '0 0 0 0 0 0 0', 0),
('Pepe', 79, -1, '0 0 0 0 0 0 0', 0),
('Pepe', 80, -1, '0 0 0 0 0 0 0', 0),
('Pepe', 81, -1, '0 0 0 0 0 0 0', 0),
('Pepe', 82, -1, '0 0 0 0 0 0 0', 0),
('Pepe', 83, -1, '0 0 0 0 0 0 0', 0),
('Pepe', 84, -1, '0 0 0 0 0 0 0', 0),
('Pepe', 85, -1, '0 0 0 0 0 0 0', 0),
('Pepe', 86, -1, '0 0 0 0 0 0 0', 0),
('Pepe', 87, -1, '0 0 0 0 0 0 0', 0),
('Pepe', 88, -1, '0 0 0 0 0 0 0', 0),
('Pepe', 89, -1, '0 0 0 0 0 0 0', 0),
('Pepe', 90, -1, '0 0 0 0 0 0 0', 0),
('Pepe', 91, -1, '0 0 0 0 0 0 0', 0),
('Pepe', 92, -1, '0 0 0 0 0 0 0', 0),
('Pepe', 93, -1, '0 0 0 0 0 0 0', 0),
('Pepe', 94, -1, '0 0 0 0 0 0 0', 0),
('Pepe', 95, -1, '0 0 0 0 0 0 0', 0),
('Pepe', 96, -1, '0 0 0 0 0 0 0', 0),
('Pepe', 97, -1, '0 0 0 0 0 0 0', 0),
('Pepe', 98, -1, '0 0 0 0 0 0 0', 0),
('Pepe', 99, -1, '0 0 0 0 0 0 0', 0),
('Pepe', 100, -1, '0 0 0 0 0 0 0', 0),
('Pepe', 101, -1, '0 0 0 0 0 0 0', 0),
('Pepe', 102, -1, '0 0 0 0 0 0 0', 0),
('Pepe', 103, -1, '0 0 0 0 0 0 0', 0),
('Pepe', 104, -1, '0 0 0 0 0 0 0', 0),
('Pepe', 105, -1, '0 0 0 0 0 0 0', 0),
('Pepe', 106, -1, '0 0 0 0 0 0 0', 0),
('Pepe', 107, -1, '0 0 0 0 0 0 0', 0),
('Pepe', 108, -1, '0 0 0 0 0 0 0', 0),
('Pepe', 109, -1, '0 0 0 0 0 0 0', 0),
('Pepe', 110, -1, '0 0 0 0 0 0 0', 0),
('Pepe', 111, -1, '0 0 0 0 0 0 0', 0),
('Pepe', 112, -1, '0 0 0 0 0 0 0', 0),
('Pepe', 113, -1, '0 0 0 0 0 0 0', 0),
('Pepe', 114, -1, '0 0 0 0 0 0 0', 0),
('Pepe', 115, -1, '0 0 0 0 0 0 0', 0),
('Pepe', 116, -1, '0 0 0 0 0 0 0', 0),
('Pepe', 117, -1, '0 0 0 0 0 0 0', 0),
('Pepe', 118, -1, '0 0 0 0 0 0 0', 0),
('Pepe', 119, -1, '0 0 0 0 0 0 0', 0),
('Pepe', 120, -1, '0 0 0 0 0 0 0', 0),
('Pepe', 121, -1, '0 0 0 0 0 0 0', 0),
('Pepe', 122, -1, '0 0 0 0 0 0 0', 0),
('Pepe', 123, -1, '0 0 0 0 0 0 0', 0),
('Pepe', 124, -1, '0 0 0 0 0 0 0', 0),
('Vovak', 0, 292, '0 0 0 0 0 0 0', 37),
('Vovak', 1, 283, '0 0 0 0 0 0 0', 68),
('Vovak', 2, 282, '0 0 0 0 0 0 0', 3),
('Vovak', 3, 285, '0 0 0 0 0 0 0', 33),
('Vovak', 4, 284, '0 0 0 0 0 0 0', 102),
('Vovak', 5, 295, '0 0 0 0 0 0 0', 41),
('Vovak', 6, 296, '0 0 0 0 0 0 0', 17),
('Vovak', 7, 293, '0 0 0 0 0 0 0', 42),
('Vovak', 8, 291, '0 0 0 0 0 0 0', 36),
('Vovak', 9, 294, '0 0 0 0 0 0 0', 41),
('Vovak', 10, -1, '0 0 0 0 0 0 0', 0),
('Vovak', 11, -1, '0 0 0 0 0 0 0', 0),
('Vovak', 12, -1, '0 0 0 0 0 0 0', 0),
('Vovak', 13, -1, '0 0 0 0 0 0 0', 0),
('Vovak', 14, 286, '0 0 0 0 0 0 0', 4),
('Vovak', 15, -1, '0 0 0 0 0 0 0', 0),
('Vovak', 16, -1, '0 0 0 0 0 0 0', 0),
('Vovak', 17, -1, '0 0 0 0 0 0 0', 0),
('Vovak', 18, -1, '0 0 0 0 0 0 0', 0),
('Vovak', 19, -1, '0 0 0 0 0 0 0', 0),
('Vovak', 20, -1, '0 0 0 0 0 0 0', 0),
('Vovak', 21, -1, '0 0 0 0 0 0 0', 0),
('Vovak', 22, -1, '0 0 0 0 0 0 0', 0),
('Vovak', 23, -1, '0 0 0 0 0 0 0', 0),
('Vovak', 24, -1, '0 0 0 0 0 0 0', 0),
('Vovak', 25, -1, '0 0 0 0 0 0 0', 0),
('Vovak', 26, -1, '0 0 0 0 0 0 0', 0),
('Vovak', 27, -1, '0 0 0 0 0 0 0', 0),
('Vovak', 28, -1, '0 0 0 0 0 0 0', 0),
('Vovak', 29, -1, '0 0 0 0 0 0 0', 0),
('Vovak', 30, -1, '0 0 0 0 0 0 0', 0),
('Vovak', 31, -1, '0 0 0 0 0 0 0', 0),
('Vovak', 32, -1, '0 0 0 0 0 0 0', 0),
('Vovak', 33, -1, '0 0 0 0 0 0 0', 0),
('Vovak', 34, -1, '0 0 0 0 0 0 0', 0),
('Vovak', 35, -1, '0 0 0 0 0 0 0', 0),
('Vovak', 36, -1, '0 0 0 0 0 0 0', 0),
('Vovak', 37, -1, '0 0 0 0 0 0 0', 0),
('Vovak', 38, 306, '0 0 0 0 0 0 0', 11),
('Vovak', 39, 290, '0 0 0 0 0 0 0', 41),
('Vovak', 40, -1, '0 0 0 0 0 0 0', 0),
('Vovak', 41, -1, '0 0 0 0 0 0 0', 0),
('Vovak', 42, -1, '0 0 0 0 0 0 0', 0),
('Vovak', 43, -1, '0 0 0 0 0 0 0', 0),
('Vovak', 44, -1, '0 0 0 0 0 0 0', 0),
('Vovak', 45, -1, '0 0 0 0 0 0 0', 0),
('Vovak', 46, -1, '0 0 0 0 0 0 0', 0),
('Vovak', 47, -1, '0 0 0 0 0 0 0', 0),
('Vovak', 48, -1, '0 0 0 0 0 0 0', 0),
('Vovak', 49, -1, '0 0 0 0 0 0 0', 0),
('Vovak', 50, -1, '0 0 0 0 0 0 0', 0),
('Vovak', 51, -1, '0 0 0 0 0 0 0', 0),
('Vovak', 52, -1, '0 0 0 0 0 0 0', 0),
('Vovak', 53, -1, '0 0 0 0 0 0 0', 0),
('Vovak', 54, -1, '0 0 0 0 0 0 0', 0),
('Vovak', 55, -1, '0 0 0 0 0 0 0', 0),
('Vovak', 56, -1, '0 0 0 0 0 0 0', 0),
('Vovak', 57, -1, '0 0 0 0 0 0 0', 0),
('Vovak', 58, -1, '0 0 0 0 0 0 0', 0),
('Vovak', 59, -1, '0 0 0 0 0 0 0', 0),
('Vovak', 60, -1, '0 0 0 0 0 0 0', 0),
('Vovak', 61, -1, '0 0 0 0 0 0 0', 0),
('Vovak', 62, -1, '0 0 0 0 0 0 0', 0),
('Vovak', 63, -1, '0 0 0 0 0 0 0', 0),
('Vovak', 64, -1, '0 0 0 0 0 0 0', 0),
('Vovak', 65, -1, '0 0 0 0 0 0 0', 0),
('Vovak', 66, -1, '0 0 0 0 0 0 0', 0),
('Vovak', 67, -1, '0 0 0 0 0 0 0', 0),
('Vovak', 68, -1, '0 0 0 0 0 0 0', 0),
('Vovak', 69, -1, '0 0 0 0 0 0 0', 0),
('Vovak', 70, -1, '0 0 0 0 0 0 0', 0),
('Vovak', 71, -1, '0 0 0 0 0 0 0', 0),
('Vovak', 72, -1, '0 0 0 0 0 0 0', 0),
('Vovak', 73, -1, '0 0 0 0 0 0 0', 0),
('Vovak', 74, -1, '0 0 0 0 0 0 0', 0),
('Vovak', 75, -1, '0 0 0 0 0 0 0', 0),
('Vovak', 76, -1, '0 0 0 0 0 0 0', 0),
('Vovak', 77, -1, '0 0 0 0 0 0 0', 0),
('Vovak', 78, -1, '0 0 0 0 0 0 0', 0),
('Vovak', 79, -1, '0 0 0 0 0 0 0', 0),
('Vovak', 80, -1, '0 0 0 0 0 0 0', 0),
('Vovak', 81, -1, '0 0 0 0 0 0 0', 0),
('Vovak', 82, -1, '0 0 0 0 0 0 0', 0),
('Vovak', 83, -1, '0 0 0 0 0 0 0', 0),
('Vovak', 84, -1, '0 0 0 0 0 0 0', 0),
('Vovak', 85, -1, '0 0 0 0 0 0 0', 0),
('Vovak', 86, -1, '0 0 0 0 0 0 0', 0),
('Vovak', 87, -1, '0 0 0 0 0 0 0', 0),
('Vovak', 88, -1, '0 0 0 0 0 0 0', 0),
('Vovak', 89, -1, '0 0 0 0 0 0 0', 0),
('Vovak', 90, -1, '0 0 0 0 0 0 0', 0),
('Vovak', 91, -1, '0 0 0 0 0 0 0', 0),
('Vovak', 92, -1, '0 0 0 0 0 0 0', 0),
('Vovak', 93, -1, '0 0 0 0 0 0 0', 0),
('Vovak', 94, -1, '0 0 0 0 0 0 0', 0),
('Vovak', 95, -1, '0 0 0 0 0 0 0', 0),
('Vovak', 96, -1, '0 0 0 0 0 0 0', 0),
('Vovak', 97, -1, '0 0 0 0 0 0 0', 0),
('Vovak', 98, -1, '0 0 0 0 0 0 0', 0),
('Vovak', 99, -1, '0 0 0 0 0 0 0', 0),
('Vovak', 100, -1, '0 0 0 0 0 0 0', 0),
('Vovak', 101, -1, '0 0 0 0 0 0 0', 0),
('Vovak', 102, -1, '0 0 0 0 0 0 0', 0),
('Vovak', 103, -1, '0 0 0 0 0 0 0', 0),
('Vovak', 104, -1, '0 0 0 0 0 0 0', 0),
('Vovak', 105, -1, '0 0 0 0 0 0 0', 0),
('Vovak', 106, -1, '0 0 0 0 0 0 0', 0),
('Vovak', 107, -1, '0 0 0 0 0 0 0', 0),
('Vovak', 108, -1, '0 0 0 0 0 0 0', 0),
('Vovak', 109, -1, '0 0 0 0 0 0 0', 0),
('Vovak', 110, -1, '0 0 0 0 0 0 0', 0),
('Vovak', 111, -1, '0 0 0 0 0 0 0', 0),
('Vovak', 112, -1, '0 0 0 0 0 0 0', 0),
('Vovak', 113, -1, '0 0 0 0 0 0 0', 0),
('Vovak', 114, -1, '0 0 0 0 0 0 0', 0),
('Vovak', 115, -1, '0 0 0 0 0 0 0', 0),
('Vovak', 116, -1, '0 0 0 0 0 0 0', 0),
('Vovak', 117, -1, '0 0 0 0 0 0 0', 0),
('Vovak', 118, -1, '0 0 0 0 0 0 0', 0),
('Vovak', 119, -1, '0 0 0 0 0 0 0', 0),
('Vovak', 120, -1, '0 0 0 0 0 0 0', 0),
('Vovak', 121, -1, '0 0 0 0 0 0 0', 0),
('Vovak', 122, -1, '0 0 0 0 0 0 0', 0),
('Vovak', 123, -1, '0 0 0 0 0 0 0', 0),
('Vovak', 124, -1, '0 0 0 0 0 0 0', 0),
('RussianVodka', 0, -1, '0 0 0 0 0 0 0', 0),
('RussianVodka', 1, -1, '0 0 0 0 0 0 0', 0),
('RussianVodka', 2, 286, '0 0 0 0 0 0 0', 2),
('RussianVodka', 3, 290, '0 0 0 0 0 0 0', 51),
('RussianVodka', 4, 88, '0 0 0 0 0 0 0', 1),
('RussianVodka', 5, -1, '0 0 0 0 0 0 0', 0),
('RussianVodka', 6, -1, '0 0 0 0 0 0 0', 0),
('RussianVodka', 7, -1, '0 0 0 0 0 0 0', 0),
('RussianVodka', 8, -1, '0 0 0 0 0 0 0', 0),
('RussianVodka', 9, -1, '0 0 0 0 0 0 0', 0),
('RussianVodka', 10, -1, '0 0 0 0 0 0 0', 0),
('RussianVodka', 11, -1, '0 0 0 0 0 0 0', 0),
('RussianVodka', 12, -1, '0 0 0 0 0 0 0', 0),
('RussianVodka', 13, -1, '0 0 0 0 0 0 0', 0),
('RussianVodka', 14, -1, '0 0 0 0 0 0 0', 0),
('RussianVodka', 15, -1, '0 0 0 0 0 0 0', 0),
('RussianVodka', 16, -1, '0 0 0 0 0 0 0', 0),
('RussianVodka', 17, -1, '0 0 0 0 0 0 0', 0),
('RussianVodka', 18, 306, '0 0 0 0 0 0 0', 1),
('RussianVodka', 19, -1, '0 0 0 0 0 0 0', 0),
('RussianVodka', 20, -1, '0 0 0 0 0 0 0', 0),
('RussianVodka', 21, 283, '0 0 0 0 0 0 0', 67),
('RussianVodka', 22, 284, '0 0 0 0 0 0 0', 66),
('RussianVodka', 23, 282, '0 0 0 0 0 0 0', 30),
('RussianVodka', 24, 285, '0 0 0 0 0 0 0', 3),
('RussianVodka', 25, -1, '0 0 0 0 0 0 0', 0),
('RussianVodka', 26, -1, '0 0 0 0 0 0 0', 0),
('RussianVodka', 27, -1, '0 0 0 0 0 0 0', 0),
('RussianVodka', 28, -1, '0 0 0 0 0 0 0', 0),
('RussianVodka', 29, -1, '0 0 0 0 0 0 0', 0),
('RussianVodka', 30, -1, '0 0 0 0 0 0 0', 0),
('RussianVodka', 31, -1, '0 0 0 0 0 0 0', 0),
('RussianVodka', 32, -1, '0 0 0 0 0 0 0', 0),
('RussianVodka', 33, -1, '0 0 0 0 0 0 0', 0),
('RussianVodka', 34, -1, '0 0 0 0 0 0 0', 0),
('RussianVodka', 35, -1, '0 0 0 0 0 0 0', 0),
('RussianVodka', 36, -1, '0 0 0 0 0 0 0', 0),
('RussianVodka', 37, -1, '0 0 0 0 0 0 0', 0),
('RussianVodka', 38, -1, '0 0 0 0 0 0 0', 0),
('RussianVodka', 39, -1, '0 0 0 0 0 0 0', 0),
('RussianVodka', 40, -1, '0 0 0 0 0 0 0', 0),
('RussianVodka', 41, -1, '0 0 0 0 0 0 0', 0),
('RussianVodka', 42, -1, '0 0 0 0 0 0 0', 0),
('RussianVodka', 43, -1, '0 0 0 0 0 0 0', 0),
('RussianVodka', 44, -1, '0 0 0 0 0 0 0', 0),
('RussianVodka', 45, -1, '0 0 0 0 0 0 0', 0),
('RussianVodka', 46, -1, '0 0 0 0 0 0 0', 0),
('RussianVodka', 47, -1, '0 0 0 0 0 0 0', 0),
('RussianVodka', 48, -1, '0 0 0 0 0 0 0', 0),
('RussianVodka', 49, -1, '0 0 0 0 0 0 0', 0),
('RussianVodka', 50, -1, '0 0 0 0 0 0 0', 0),
('RussianVodka', 51, -1, '0 0 0 0 0 0 0', 0),
('RussianVodka', 52, -1, '0 0 0 0 0 0 0', 0),
('RussianVodka', 53, -1, '0 0 0 0 0 0 0', 0),
('RussianVodka', 54, -1, '0 0 0 0 0 0 0', 0),
('RussianVodka', 55, -1, '0 0 0 0 0 0 0', 0),
('RussianVodka', 56, -1, '0 0 0 0 0 0 0', 0),
('RussianVodka', 57, -1, '0 0 0 0 0 0 0', 0),
('RussianVodka', 58, -1, '0 0 0 0 0 0 0', 0),
('RussianVodka', 59, -1, '0 0 0 0 0 0 0', 0),
('RussianVodka', 60, -1, '0 0 0 0 0 0 0', 0),
('RussianVodka', 61, -1, '0 0 0 0 0 0 0', 0),
('RussianVodka', 62, -1, '0 0 0 0 0 0 0', 0),
('RussianVodka', 63, -1, '0 0 0 0 0 0 0', 0),
('RussianVodka', 64, -1, '0 0 0 0 0 0 0', 0),
('RussianVodka', 65, -1, '0 0 0 0 0 0 0', 0),
('RussianVodka', 66, -1, '0 0 0 0 0 0 0', 0),
('RussianVodka', 67, -1, '0 0 0 0 0 0 0', 0),
('RussianVodka', 68, -1, '0 0 0 0 0 0 0', 0),
('RussianVodka', 69, -1, '0 0 0 0 0 0 0', 0),
('RussianVodka', 70, -1, '0 0 0 0 0 0 0', 0),
('RussianVodka', 71, -1, '0 0 0 0 0 0 0', 0),
('RussianVodka', 72, -1, '0 0 0 0 0 0 0', 0),
('RussianVodka', 73, -1, '0 0 0 0 0 0 0', 0),
('RussianVodka', 74, -1, '0 0 0 0 0 0 0', 0),
('RussianVodka', 75, -1, '0 0 0 0 0 0 0', 0),
('RussianVodka', 76, -1, '0 0 0 0 0 0 0', 0),
('RussianVodka', 77, -1, '0 0 0 0 0 0 0', 0),
('RussianVodka', 78, -1, '0 0 0 0 0 0 0', 0),
('RussianVodka', 79, -1, '0 0 0 0 0 0 0', 0),
('RussianVodka', 80, -1, '0 0 0 0 0 0 0', 0),
('RussianVodka', 81, -1, '0 0 0 0 0 0 0', 0),
('RussianVodka', 82, -1, '0 0 0 0 0 0 0', 0),
('RussianVodka', 83, -1, '0 0 0 0 0 0 0', 0),
('RussianVodka', 84, -1, '0 0 0 0 0 0 0', 0),
('RussianVodka', 85, -1, '0 0 0 0 0 0 0', 0),
('RussianVodka', 86, -1, '0 0 0 0 0 0 0', 0),
('RussianVodka', 87, -1, '0 0 0 0 0 0 0', 0),
('RussianVodka', 88, -1, '0 0 0 0 0 0 0', 0),
('RussianVodka', 89, -1, '0 0 0 0 0 0 0', 0),
('RussianVodka', 90, -1, '0 0 0 0 0 0 0', 0),
('RussianVodka', 91, -1, '0 0 0 0 0 0 0', 0),
('RussianVodka', 92, -1, '0 0 0 0 0 0 0', 0),
('RussianVodka', 93, -1, '0 0 0 0 0 0 0', 0),
('RussianVodka', 94, -1, '0 0 0 0 0 0 0', 0),
('RussianVodka', 95, -1, '0 0 0 0 0 0 0', 0),
('RussianVodka', 96, -1, '0 0 0 0 0 0 0', 0),
('RussianVodka', 97, -1, '0 0 0 0 0 0 0', 0),
('RussianVodka', 98, -1, '0 0 0 0 0 0 0', 0),
('RussianVodka', 99, -1, '0 0 0 0 0 0 0', 0),
('RussianVodka', 100, -1, '0 0 0 0 0 0 0', 0),
('RussianVodka', 101, -1, '0 0 0 0 0 0 0', 0),
('RussianVodka', 102, -1, '0 0 0 0 0 0 0', 0),
('RussianVodka', 103, -1, '0 0 0 0 0 0 0', 0),
('RussianVodka', 104, -1, '0 0 0 0 0 0 0', 0),
('RussianVodka', 105, -1, '0 0 0 0 0 0 0', 0),
('RussianVodka', 106, -1, '0 0 0 0 0 0 0', 0),
('RussianVodka', 107, -1, '0 0 0 0 0 0 0', 0),
('RussianVodka', 108, -1, '0 0 0 0 0 0 0', 0),
('RussianVodka', 109, -1, '0 0 0 0 0 0 0', 0),
('RussianVodka', 110, -1, '0 0 0 0 0 0 0', 0),
('RussianVodka', 111, -1, '0 0 0 0 0 0 0', 0),
('RussianVodka', 112, -1, '0 0 0 0 0 0 0', 0),
('RussianVodka', 113, -1, '0 0 0 0 0 0 0', 0),
('RussianVodka', 114, -1, '0 0 0 0 0 0 0', 0),
('RussianVodka', 115, -1, '0 0 0 0 0 0 0', 0),
('RussianVodka', 116, -1, '0 0 0 0 0 0 0', 0),
('RussianVodka', 117, -1, '0 0 0 0 0 0 0', 0),
('RussianVodka', 118, -1, '0 0 0 0 0 0 0', 0),
('RussianVodka', 119, -1, '0 0 0 0 0 0 0', 0),
('RussianVodka', 120, -1, '0 0 0 0 0 0 0', 0),
('RussianVodka', 121, -1, '0 0 0 0 0 0 0', 0),
('RussianVodka', 122, -1, '0 0 0 0 0 0 0', 0),
('RussianVodka', 123, -1, '0 0 0 0 0 0 0', 0),
('RussianVodka', 124, -1, '0 0 0 0 0 0 0', 0),
('KnuckleDuster', 0, -1, '1 0 0 0 0 0 0', 0),
('KnuckleDuster', 1, -1, '2 0 0 0 0 0 0', 0),
('KnuckleDuster', 2, 290, '0 0 0 0 0 0 0', 67),
('KnuckleDuster', 3, 366, '0 0 0 0 0 0 0', 356),
('KnuckleDuster', 4, 287, '0 0 0 0 0 0 0', 1),
('KnuckleDuster', 5, 285, '0 0 0 0 0 0 0', 12),
('KnuckleDuster', 6, 113, '0 0 0 0 0 0 0', 1),
('KnuckleDuster', 7, -1, '0 0 0 0 0 0 0', 0),
('KnuckleDuster', 8, -1, '0 0 0 0 0 0 0', 0),
('KnuckleDuster', 9, -1, '0 0 0 0 0 0 0', 0),
('KnuckleDuster', 10, -1, '0 0 0 0 0 0 0', 0),
('KnuckleDuster', 11, -1, '0 0 0 0 0 0 0', 0),
('KnuckleDuster', 12, 286, '0 0 0 0 0 0 0', 10),
('KnuckleDuster', 13, -1, '0 0 0 0 0 0 0', 0),
('KnuckleDuster', 14, -1, '0 0 0 0 0 0 0', 0),
('KnuckleDuster', 15, 292, '0 0 0 0 0 0 0', 55),
('KnuckleDuster', 16, -1, '0 0 0 0 0 0 0', 0),
('KnuckleDuster', 17, 284, '0 0 0 0 0 0 0', 81),
('KnuckleDuster', 18, 283, '0 0 0 0 0 0 0', 130),
('KnuckleDuster', 19, 282, '0 0 0 0 0 0 0', 82),
('KnuckleDuster', 20, 291, '0 0 0 0 0 0 0', 69),
('KnuckleDuster', 21, 295, '0 0 0 0 0 0 0', 60),
('KnuckleDuster', 22, 294, '0 0 0 0 0 0 0', 86),
('KnuckleDuster', 23, 293, '0 0 0 0 0 0 0', 47),
('KnuckleDuster', 24, 296, '0 0 0 0 0 0 0', 98),
('KnuckleDuster', 25, -1, '0 0 0 0 0 0 0', 0),
('KnuckleDuster', 26, -1, '0 0 0 0 0 0 0', 0),
('KnuckleDuster', 27, -1, '0 0 0 0 0 0 0', 0),
('KnuckleDuster', 28, -1, '0 0 0 0 0 0 0', 0),
('KnuckleDuster', 29, -1, '0 0 0 0 0 0 0', 0),
('KnuckleDuster', 30, -1, '0 0 0 0 0 0 0', 0),
('KnuckleDuster', 31, -1, '0 0 0 0 0 0 0', 0),
('KnuckleDuster', 32, -1, '0 0 0 0 0 0 0', 0),
('KnuckleDuster', 33, -1, '0 0 0 0 0 0 0', 0),
('KnuckleDuster', 34, -1, '0 0 0 0 0 0 0', 0),
('KnuckleDuster', 35, -1, '0 0 0 0 0 0 0', 0),
('KnuckleDuster', 36, -1, '0 0 0 0 0 0 0', 0),
('KnuckleDuster', 37, -1, '0 0 0 0 0 0 0', 0),
('KnuckleDuster', 38, -1, '0 0 0 0 0 0 0', 0),
('KnuckleDuster', 39, -1, '0 0 0 0 0 0 0', 0),
('KnuckleDuster', 40, -1, '0 0 0 0 0 0 0', 0),
('KnuckleDuster', 41, -1, '0 0 0 0 0 0 0', 0),
('KnuckleDuster', 42, -1, '0 0 0 0 0 0 0', 0),
('KnuckleDuster', 43, -1, '0 0 0 0 0 0 0', 0),
('KnuckleDuster', 44, -1, '0 0 0 0 0 0 0', 0),
('KnuckleDuster', 45, -1, '0 0 0 0 0 0 0', 0),
('KnuckleDuster', 46, -1, '0 0 0 0 0 0 0', 0),
('KnuckleDuster', 47, -1, '0 0 0 0 0 0 0', 0),
('KnuckleDuster', 48, -1, '0 0 0 0 0 0 0', 0),
('KnuckleDuster', 49, -1, '0 0 0 0 0 0 0', 0),
('KnuckleDuster', 50, -1, '0 0 0 0 0 0 0', 0),
('KnuckleDuster', 51, -1, '0 0 0 0 0 0 0', 0),
('KnuckleDuster', 52, -1, '0 0 0 0 0 0 0', 0),
('KnuckleDuster', 53, -1, '0 0 0 0 0 0 0', 0),
('KnuckleDuster', 54, -1, '0 0 0 0 0 0 0', 0),
('KnuckleDuster', 55, -1, '0 0 0 0 0 0 0', 0),
('KnuckleDuster', 56, -1, '0 0 0 0 0 0 0', 0),
('KnuckleDuster', 57, -1, '0 0 0 0 0 0 0', 0),
('KnuckleDuster', 58, -1, '0 0 0 0 0 0 0', 0),
('KnuckleDuster', 59, -1, '0 0 0 0 0 0 0', 0),
('KnuckleDuster', 60, -1, '0 0 0 0 0 0 0', 0),
('KnuckleDuster', 61, -1, '0 0 0 0 0 0 0', 0),
('KnuckleDuster', 62, -1, '0 0 0 0 0 0 0', 0),
('KnuckleDuster', 63, -1, '0 0 0 0 0 0 0', 0),
('KnuckleDuster', 64, -1, '0 0 0 0 0 0 0', 0),
('KnuckleDuster', 65, -1, '0 0 0 0 0 0 0', 0),
('KnuckleDuster', 66, -1, '0 0 0 0 0 0 0', 0),
('KnuckleDuster', 67, -1, '0 0 0 0 0 0 0', 0),
('KnuckleDuster', 68, -1, '0 0 0 0 0 0 0', 0),
('KnuckleDuster', 69, -1, '0 0 0 0 0 0 0', 0),
('KnuckleDuster', 70, -1, '0 0 0 0 0 0 0', 0),
('KnuckleDuster', 71, -1, '0 0 0 0 0 0 0', 0),
('KnuckleDuster', 72, -1, '0 0 0 0 0 0 0', 0),
('KnuckleDuster', 73, -1, '0 0 0 0 0 0 0', 0),
('KnuckleDuster', 74, -1, '0 0 0 0 0 0 0', 0),
('KnuckleDuster', 75, -1, '0 0 0 0 0 0 0', 0),
('KnuckleDuster', 76, -1, '0 0 0 0 0 0 0', 0),
('KnuckleDuster', 77, -1, '0 0 0 0 0 0 0', 0),
('KnuckleDuster', 78, -1, '0 0 0 0 0 0 0', 0),
('KnuckleDuster', 79, -1, '0 0 0 0 0 0 0', 0),
('KnuckleDuster', 80, -1, '0 0 0 0 0 0 0', 0),
('KnuckleDuster', 81, -1, '0 0 0 0 0 0 0', 0),
('KnuckleDuster', 82, -1, '0 0 0 0 0 0 0', 0),
('KnuckleDuster', 83, -1, '0 0 0 0 0 0 0', 0),
('KnuckleDuster', 84, -1, '0 0 0 0 0 0 0', 0),
('KnuckleDuster', 85, -1, '0 0 0 0 0 0 0', 0),
('KnuckleDuster', 86, -1, '0 0 0 0 0 0 0', 0),
('KnuckleDuster', 87, -1, '0 0 0 0 0 0 0', 0),
('KnuckleDuster', 88, -1, '0 0 0 0 0 0 0', 0),
('KnuckleDuster', 89, -1, '0 0 0 0 0 0 0', 0),
('KnuckleDuster', 90, -1, '0 0 0 0 0 0 0', 0),
('KnuckleDuster', 91, -1, '0 0 0 0 0 0 0', 0),
('KnuckleDuster', 92, -1, '0 0 0 0 0 0 0', 0),
('KnuckleDuster', 93, -1, '0 0 0 0 0 0 0', 0),
('KnuckleDuster', 94, -1, '0 0 0 0 0 0 0', 0),
('KnuckleDuster', 95, -1, '0 0 0 0 0 0 0', 0),
('KnuckleDuster', 96, -1, '0 0 0 0 0 0 0', 0),
('KnuckleDuster', 97, -1, '0 0 0 0 0 0 0', 0),
('KnuckleDuster', 98, -1, '0 0 0 0 0 0 0', 0),
('KnuckleDuster', 99, -1, '0 0 0 0 0 0 0', 0),
('KnuckleDuster', 100, -1, '0 0 0 0 0 0 0', 0),
('KnuckleDuster', 101, -1, '0 0 0 0 0 0 0', 0),
('KnuckleDuster', 102, -1, '0 0 0 0 0 0 0', 0),
('KnuckleDuster', 103, -1, '0 0 0 0 0 0 0', 0),
('KnuckleDuster', 104, -1, '0 0 0 0 0 0 0', 0),
('KnuckleDuster', 105, -1, '0 0 0 0 0 0 0', 0),
('KnuckleDuster', 106, -1, '0 0 0 0 0 0 0', 0),
('KnuckleDuster', 107, -1, '0 0 0 0 0 0 0', 0),
('KnuckleDuster', 108, -1, '0 0 0 0 0 0 0', 0),
('KnuckleDuster', 109, -1, '0 0 0 0 0 0 0', 0),
('KnuckleDuster', 110, -1, '0 0 0 0 0 0 0', 0),
('KnuckleDuster', 111, -1, '0 0 0 0 0 0 0', 0),
('KnuckleDuster', 112, -1, '0 0 0 0 0 0 0', 0),
('KnuckleDuster', 113, -1, '0 0 0 0 0 0 0', 0),
('KnuckleDuster', 114, -1, '0 0 0 0 0 0 0', 0),
('KnuckleDuster', 115, -1, '0 0 0 0 0 0 0', 0),
('KnuckleDuster', 116, -1, '0 0 0 0 0 0 0', 0),
('KnuckleDuster', 117, -1, '0 0 0 0 0 0 0', 0),
('KnuckleDuster', 118, -1, '0 0 0 0 0 0 0', 0),
('KnuckleDuster', 119, -1, '0 0 0 0 0 0 0', 0),
('KnuckleDuster', 120, -1, '0 0 0 0 0 0 0', 0),
('KnuckleDuster', 121, -1, '0 0 0 0 0 0 0', 0),
('KnuckleDuster', 122, -1, '0 0 0 0 0 0 0', 0),
('KnuckleDuster', 123, -1, '0 0 0 0 0 0 0', 0),
('KnuckleDuster', 124, -1, '0 0 0 0 0 0 0', 0),
('Heisenberg', 0, -1, '0 0 0 0 0 0 0', 0),
('Heisenberg', 1, 141, '0 0 0 0 0 0 0', 1),
('Heisenberg', 2, 290, '0 0 0 0 0 0 0', 55),
('Heisenberg', 3, 87, '0 0 0 0 0 0 0', 1),
('Heisenberg', 4, 285, '0 0 0 0 0 0 0', 28),
('Heisenberg', 5, 286, '0 0 0 0 0 0 0', 7),
('Heisenberg', 6, 306, '0 0 0 0 0 0 0', 1),
('Heisenberg', 7, 141, '0 0 0 0 0 0 0', 1),
('Heisenberg', 8, -1, '0 0 0 0 0 0 0', 0),
('Heisenberg', 9, -1, '0 0 0 0 0 0 0', 0),
('Heisenberg', 10, -1, '0 0 0 0 0 0 0', 0),
('Heisenberg', 11, -1, '0 0 0 0 0 0 0', 0),
('Heisenberg', 12, -1, '0 0 0 0 0 0 0', 0),
('Heisenberg', 13, -1, '0 0 0 0 0 0 0', 0),
('Heisenberg', 14, -1, '0 0 0 0 0 0 0', 0),
('Heisenberg', 15, 294, '0 0 0 0 0 0 0', 22),
('Heisenberg', 16, -1, '0 0 0 0 0 0 0', 0),
('Heisenberg', 17, 282, '0 0 0 0 0 0 0', 24),
('Heisenberg', 18, 283, '0 0 0 0 0 0 0', 70),
('Heisenberg', 19, 284, '0 0 0 0 0 0 0', 60),
('Heisenberg', 20, 291, '0 0 0 0 0 0 0', 28),
('Heisenberg', 21, 293, '0 0 0 0 0 0 0', 35),
('Heisenberg', 22, 296, '0 0 0 0 0 0 0', 33),
('Heisenberg', 23, 292, '0 0 0 0 0 0 0', 10),
('Heisenberg', 24, 295, '0 0 0 0 0 0 0', 12),
('Heisenberg', 25, -1, '0 0 0 0 0 0 0', 0),
('Heisenberg', 26, -1, '0 0 0 0 0 0 0', 0),
('Heisenberg', 27, -1, '0 0 0 0 0 0 0', 0),
('Heisenberg', 28, -1, '0 0 0 0 0 0 0', 0),
('Heisenberg', 29, -1, '0 0 0 0 0 0 0', 0),
('Heisenberg', 30, -1, '0 0 0 0 0 0 0', 0),
('Heisenberg', 31, -1, '0 0 0 0 0 0 0', 0),
('Heisenberg', 32, -1, '0 0 0 0 0 0 0', 0),
('Heisenberg', 33, -1, '0 0 0 0 0 0 0', 0),
('Heisenberg', 34, -1, '0 0 0 0 0 0 0', 0),
('Heisenberg', 35, -1, '0 0 0 0 0 0 0', 0),
('Heisenberg', 36, -1, '0 0 0 0 0 0 0', 0),
('Heisenberg', 37, -1, '0 0 0 0 0 0 0', 0),
('Heisenberg', 38, -1, '0 0 0 0 0 0 0', 0),
('Heisenberg', 39, -1, '0 0 0 0 0 0 0', 0),
('Heisenberg', 40, -1, '0 0 0 0 0 0 0', 0),
('Heisenberg', 41, -1, '0 0 0 0 0 0 0', 0),
('Heisenberg', 42, -1, '0 0 0 0 0 0 0', 0),
('Heisenberg', 43, -1, '0 0 0 0 0 0 0', 0),
('Heisenberg', 44, -1, '0 0 0 0 0 0 0', 0),
('Heisenberg', 45, -1, '0 0 0 0 0 0 0', 0),
('Heisenberg', 46, -1, '0 0 0 0 0 0 0', 0),
('Heisenberg', 47, -1, '0 0 0 0 0 0 0', 0),
('Heisenberg', 48, 305, '0 0 0 0 0 0 0', 1),
('Heisenberg', 49, 297, '0 0 0 0 0 0 0', 1),
('Heisenberg', 50, -1, '0 0 0 0 0 0 0', 0),
('Heisenberg', 51, -1, '0 0 0 0 0 0 0', 0),
('Heisenberg', 52, -1, '0 0 0 0 0 0 0', 0),
('Heisenberg', 53, -1, '0 0 0 0 0 0 0', 0),
('Heisenberg', 54, -1, '0 0 0 0 0 0 0', 0),
('Heisenberg', 55, -1, '0 0 0 0 0 0 0', 0),
('Heisenberg', 56, -1, '0 0 0 0 0 0 0', 0),
('Heisenberg', 57, -1, '0 0 0 0 0 0 0', 0),
('Heisenberg', 58, -1, '0 0 0 0 0 0 0', 0),
('Heisenberg', 59, -1, '0 0 0 0 0 0 0', 0),
('Heisenberg', 60, -1, '0 0 0 0 0 0 0', 0),
('Heisenberg', 61, -1, '0 0 0 0 0 0 0', 0),
('Heisenberg', 62, -1, '0 0 0 0 0 0 0', 0),
('Heisenberg', 63, -1, '0 0 0 0 0 0 0', 0),
('Heisenberg', 64, -1, '0 0 0 0 0 0 0', 0),
('Heisenberg', 65, -1, '0 0 0 0 0 0 0', 0),
('Heisenberg', 66, -1, '0 0 0 0 0 0 0', 0),
('Heisenberg', 67, -1, '0 0 0 0 0 0 0', 0),
('Heisenberg', 68, -1, '0 0 0 0 0 0 0', 0),
('Heisenberg', 69, -1, '0 0 0 0 0 0 0', 0),
('Heisenberg', 70, -1, '0 0 0 0 0 0 0', 0),
('Heisenberg', 71, -1, '0 0 0 0 0 0 0', 0),
('Heisenberg', 72, -1, '0 0 0 0 0 0 0', 0),
('Heisenberg', 73, -1, '0 0 0 0 0 0 0', 0),
('Heisenberg', 74, -1, '0 0 0 0 0 0 0', 0),
('Heisenberg', 75, -1, '0 0 0 0 0 0 0', 0),
('Heisenberg', 76, -1, '0 0 0 0 0 0 0', 0),
('Heisenberg', 77, -1, '0 0 0 0 0 0 0', 0),
('Heisenberg', 78, -1, '0 0 0 0 0 0 0', 0),
('Heisenberg', 79, -1, '0 0 0 0 0 0 0', 0),
('Heisenberg', 80, -1, '0 0 0 0 0 0 0', 0),
('Heisenberg', 81, -1, '0 0 0 0 0 0 0', 0),
('Heisenberg', 82, -1, '0 0 0 0 0 0 0', 0),
('Heisenberg', 83, -1, '0 0 0 0 0 0 0', 0),
('Heisenberg', 84, -1, '0 0 0 0 0 0 0', 0),
('Heisenberg', 85, -1, '0 0 0 0 0 0 0', 0),
('Heisenberg', 86, -1, '0 0 0 0 0 0 0', 0),
('Heisenberg', 87, -1, '0 0 0 0 0 0 0', 0),
('Heisenberg', 88, -1, '0 0 0 0 0 0 0', 0),
('Heisenberg', 89, -1, '0 0 0 0 0 0 0', 0),
('Heisenberg', 90, -1, '0 0 0 0 0 0 0', 0),
('Heisenberg', 91, -1, '0 0 0 0 0 0 0', 0),
('Heisenberg', 92, -1, '0 0 0 0 0 0 0', 0),
('Heisenberg', 93, -1, '0 0 0 0 0 0 0', 0),
('Heisenberg', 94, -1, '0 0 0 0 0 0 0', 0),
('Heisenberg', 95, -1, '0 0 0 0 0 0 0', 0),
('Heisenberg', 96, -1, '0 0 0 0 0 0 0', 0),
('Heisenberg', 97, -1, '0 0 0 0 0 0 0', 0),
('Heisenberg', 98, -1, '0 0 0 0 0 0 0', 0),
('Heisenberg', 99, -1, '0 0 0 0 0 0 0', 0),
('Heisenberg', 100, -1, '0 0 0 0 0 0 0', 0),
('Heisenberg', 101, -1, '0 0 0 0 0 0 0', 0),
('Heisenberg', 102, -1, '0 0 0 0 0 0 0', 0),
('Heisenberg', 103, -1, '0 0 0 0 0 0 0', 0),
('Heisenberg', 104, -1, '0 0 0 0 0 0 0', 0),
('Heisenberg', 105, -1, '0 0 0 0 0 0 0', 0),
('Heisenberg', 106, -1, '0 0 0 0 0 0 0', 0),
('Heisenberg', 107, -1, '0 0 0 0 0 0 0', 0),
('Heisenberg', 108, -1, '0 0 0 0 0 0 0', 0),
('Heisenberg', 109, -1, '0 0 0 0 0 0 0', 0),
('Heisenberg', 110, -1, '0 0 0 0 0 0 0', 0),
('Heisenberg', 111, -1, '0 0 0 0 0 0 0', 0),
('Heisenberg', 112, -1, '0 0 0 0 0 0 0', 0),
('Heisenberg', 113, -1, '0 0 0 0 0 0 0', 0),
('Heisenberg', 114, -1, '0 0 0 0 0 0 0', 0),
('Heisenberg', 115, -1, '0 0 0 0 0 0 0', 0),
('Heisenberg', 116, -1, '0 0 0 0 0 0 0', 0),
('Heisenberg', 117, -1, '0 0 0 0 0 0 0', 0),
('Heisenberg', 118, -1, '0 0 0 0 0 0 0', 0),
('Heisenberg', 119, -1, '0 0 0 0 0 0 0', 0),
('Heisenberg', 120, -1, '0 0 0 0 0 0 0', 0),
('Heisenberg', 121, -1, '0 0 0 0 0 0 0', 0),
('Heisenberg', 122, -1, '0 0 0 0 0 0 0', 0),
('Heisenberg', 123, -1, '0 0 0 0 0 0 0', 0),
('Heisenberg', 124, -1, '0 0 0 0 0 0 0', 0),
('Gin', 0, 366, '0 0 0 0 0 0 0', 4538),
('Gin', 1, 282, '0 0 0 0 0 0 0', 95),
('Gin', 2, 284, '0 0 0 0 0 0 0', 68),
('Gin', 3, -1, '0 0 0 0 0 0 0', 0),
('Gin', 4, 283, '0 0 0 0 0 0 0', 68),
('Gin', 5, 294, '0 0 0 0 0 0 0', 16),
('Gin', 6, 295, '0 0 0 0 0 0 0', 12),
('Gin', 7, 293, '0 0 0 0 0 0 0', 8),
('Gin', 8, 286, '0 0 0 0 0 0 0', 2),
('Gin', 9, 292, '0 0 0 0 0 0 0', 6),
('Gin', 10, -1, '0 0 0 0 0 0 0', 0),
('Gin', 11, 87, '0 0 0 0 0 0 0', 1),
('Gin', 12, -1, '0 0 0 0 0 0 0', 0),
('Gin', 13, 290, '0 0 0 0 0 0 0', 50),
('Gin', 14, 306, '0 0 0 0 0 0 0', 5),
('Gin', 15, 296, '0 0 0 0 0 0 0', 6),
('Gin', 16, -1, '0 0 0 0 0 0 0', 0),
('Gin', 17, -1, '0 0 0 0 0 0 0', 0),
('Gin', 18, -1, '0 0 0 0 0 0 0', 0),
('Gin', 19, 143, '0 0 0 0 0 0 0', 1),
('Gin', 20, 30, '1 1 1 0 0 0 0', 1),
('Gin', 21, 10, '0 0 0 0 0 0 0', 1),
('Gin', 22, -1, '0 0 0 0 0 0 0', 0),
('Gin', 23, -1, '0 0 0 0 0 0 0', 0),
('Gin', 24, -1, '0 0 0 0 0 0 0', 0),
('Gin', 25, -1, '0 0 0 0 0 0 0', 0),
('Gin', 26, -1, '0 0 0 0 0 0 0', 0),
('Gin', 27, -1, '0 0 0 0 0 0 0', 0),
('Gin', 28, -1, '0 0 0 0 0 0 0', 0),
('Gin', 29, -1, '0 0 0 0 0 0 0', 0),
('Gin', 30, -1, '0 0 0 0 0 0 0', 0),
('Gin', 31, -1, '0 0 0 0 0 0 0', 0),
('Gin', 32, -1, '0 0 0 0 0 0 0', 0),
('Gin', 33, -1, '0 0 0 0 0 0 0', 0),
('Gin', 34, -1, '0 0 0 0 0 0 0', 0),
('Gin', 35, -1, '0 0 0 0 0 0 0', 0),
('Gin', 36, -1, '0 0 0 0 0 0 0', 0),
('Gin', 37, -1, '0 0 0 0 0 0 0', 0),
('Gin', 38, -1, '0 0 0 0 0 0 0', 0),
('Gin', 39, -1, '0 0 0 0 0 0 0', 0),
('Gin', 40, -1, '0 0 0 0 0 0 0', 0),
('Gin', 41, -1, '0 0 0 0 0 0 0', 0),
('Gin', 42, -1, '0 0 0 0 0 0 0', 0),
('Gin', 43, -1, '0 0 0 0 0 0 0', 0),
('Gin', 44, -1, '0 0 0 0 0 0 0', 0),
('Gin', 45, -1, '0 0 0 0 0 0 0', 0),
('Gin', 46, -1, '0 0 0 0 0 0 0', 0),
('Gin', 47, -1, '0 0 0 0 0 0 0', 0),
('Gin', 48, -1, '0 0 0 0 0 0 0', 0),
('Gin', 49, -1, '0 0 0 0 0 0 0', 0),
('Gin', 50, -1, '0 0 0 0 0 0 0', 0),
('Gin', 51, -1, '0 0 0 0 0 0 0', 0),
('Gin', 52, -1, '0 0 0 0 0 0 0', 0),
('Gin', 53, -1, '0 0 0 0 0 0 0', 0),
('Gin', 54, -1, '0 0 0 0 0 0 0', 0),
('Gin', 55, -1, '0 0 0 0 0 0 0', 0),
('Gin', 56, -1, '0 0 0 0 0 0 0', 0),
('Gin', 57, -1, '0 0 0 0 0 0 0', 0),
('Gin', 58, -1, '0 0 0 0 0 0 0', 0),
('Gin', 59, -1, '0 0 0 0 0 0 0', 0),
('Gin', 60, -1, '0 0 0 0 0 0 0', 0),
('Gin', 61, -1, '0 0 0 0 0 0 0', 0),
('Gin', 62, -1, '0 0 0 0 0 0 0', 0),
('Gin', 63, -1, '0 0 0 0 0 0 0', 0),
('Gin', 64, -1, '0 0 0 0 0 0 0', 0),
('Gin', 65, -1, '0 0 0 0 0 0 0', 0),
('Gin', 66, -1, '0 0 0 0 0 0 0', 0),
('Gin', 67, -1, '0 0 0 0 0 0 0', 0),
('Gin', 68, -1, '0 0 0 0 0 0 0', 0),
('Gin', 69, -1, '0 0 0 0 0 0 0', 0),
('Gin', 70, -1, '0 0 0 0 0 0 0', 0),
('Gin', 71, -1, '0 0 0 0 0 0 0', 0),
('Gin', 72, -1, '0 0 0 0 0 0 0', 0),
('Gin', 73, -1, '0 0 0 0 0 0 0', 0),
('Gin', 74, -1, '0 0 0 0 0 0 0', 0),
('Gin', 75, -1, '0 0 0 0 0 0 0', 0),
('Gin', 76, -1, '0 0 0 0 0 0 0', 0),
('Gin', 77, -1, '0 0 0 0 0 0 0', 0),
('Gin', 78, -1, '0 0 0 0 0 0 0', 0),
('Gin', 79, -1, '0 0 0 0 0 0 0', 0),
('Gin', 80, -1, '0 0 0 0 0 0 0', 0),
('Gin', 81, -1, '0 0 0 0 0 0 0', 0),
('Gin', 82, -1, '0 0 0 0 0 0 0', 0),
('Gin', 83, -1, '0 0 0 0 0 0 0', 0),
('Gin', 84, -1, '0 0 0 0 0 0 0', 0),
('Gin', 85, -1, '0 0 0 0 0 0 0', 0),
('Gin', 86, -1, '0 0 0 0 0 0 0', 0),
('Gin', 87, -1, '0 0 0 0 0 0 0', 0),
('Gin', 88, -1, '0 0 0 0 0 0 0', 0),
('Gin', 89, -1, '0 0 0 0 0 0 0', 0),
('Gin', 90, -1, '0 0 0 0 0 0 0', 0),
('Gin', 91, -1, '0 0 0 0 0 0 0', 0),
('Gin', 92, -1, '0 0 0 0 0 0 0', 0),
('Gin', 93, -1, '0 0 0 0 0 0 0', 0),
('Gin', 94, -1, '0 0 0 0 0 0 0', 0),
('Gin', 95, -1, '0 0 0 0 0 0 0', 0),
('Gin', 96, -1, '0 0 0 0 0 0 0', 0),
('Gin', 97, -1, '0 0 0 0 0 0 0', 0),
('Gin', 98, -1, '0 0 0 0 0 0 0', 0),
('Gin', 99, -1, '0 0 0 0 0 0 0', 0),
('Gin', 100, -1, '0 0 0 0 0 0 0', 0),
('Gin', 101, -1, '0 0 0 0 0 0 0', 0),
('Gin', 102, -1, '0 0 0 0 0 0 0', 0),
('Gin', 103, -1, '0 0 0 0 0 0 0', 0),
('Gin', 104, -1, '0 0 0 0 0 0 0', 0),
('Gin', 105, -1, '0 0 0 0 0 0 0', 0),
('Gin', 106, -1, '0 0 0 0 0 0 0', 0),
('Gin', 107, -1, '0 0 0 0 0 0 0', 0),
('Gin', 108, -1, '0 0 0 0 0 0 0', 0),
('Gin', 109, -1, '0 0 0 0 0 0 0', 0),
('Gin', 110, -1, '0 0 0 0 0 0 0', 0),
('Gin', 111, -1, '0 0 0 0 0 0 0', 0),
('Gin', 112, -1, '0 0 0 0 0 0 0', 0),
('Gin', 113, -1, '0 0 0 0 0 0 0', 0),
('Gin', 114, -1, '0 0 0 0 0 0 0', 0),
('Gin', 115, -1, '0 0 0 0 0 0 0', 0),
('Gin', 116, -1, '0 0 0 0 0 0 0', 0),
('Gin', 117, -1, '0 0 0 0 0 0 0', 0),
('Gin', 118, -1, '0 0 0 0 0 0 0', 0),
('Gin', 119, -1, '0 0 0 0 0 0 0', 0),
('Gin', 120, -1, '0 0 0 0 0 0 0', 0),
('Gin', 121, -1, '0 0 0 0 0 0 0', 0),
('Gin', 122, -1, '0 0 0 0 0 0 0', 0),
('Gin', 123, -1, '0 0 0 0 0 0 0', 0),
('Gin', 124, -1, '0 0 0 0 0 0 0', 0),
('Nupasik', 0, 286, '0 0 0 0 0 0 0', 1),
('Nupasik', 1, 290, '0 0 0 0 0 0 0', 12),
('Nupasik', 2, 11, '0 0 0 0 0 0 0', 1),
('Nupasik', 3, 15, '0 0 0 0 0 0 0', 1),
('Nupasik', 4, -1, '0 0 0 0 0 0 0', 0),
('Nupasik', 5, -1, '0 0 0 0 0 0 0', 0),
('Nupasik', 6, 9, '0 0 0 0 0 0 0', 1),
('Nupasik', 7, -1, '0 0 0 0 0 0 0', 0),
('Nupasik', 8, -1, '0 0 0 0 0 0 0', 0),
('Nupasik', 9, -1, '0 0 0 0 0 0 0', 0),
('Nupasik', 10, -1, '0 0 0 0 0 0 0', 0),
('Nupasik', 11, -1, '0 0 0 0 0 0 0', 0),
('Nupasik', 12, -1, '0 0 0 0 0 0 0', 0),
('Nupasik', 13, -1, '0 0 0 0 0 0 0', 0),
('Nupasik', 14, -1, '0 0 0 0 0 0 0', 0),
('Nupasik', 15, 293, '0 0 0 0 0 0 0', 24),
('Nupasik', 16, 285, '0 0 0 0 0 0 0', 27),
('Nupasik', 17, 283, '0 0 0 0 0 0 0', 78),
('Nupasik', 18, 282, '0 0 0 0 0 0 0', 70),
('Nupasik', 19, 284, '0 0 0 0 0 0 0', 70),
('Nupasik', 20, 295, '0 0 0 0 0 0 0', 26),
('Nupasik', 21, 296, '0 0 0 0 0 0 0', 28),
('Nupasik', 22, 294, '0 0 0 0 0 0 0', 26),
('Nupasik', 23, 291, '0 0 0 0 0 0 0', 30),
('Nupasik', 24, 292, '0 0 0 0 0 0 0', 17),
('Nupasik', 25, -1, '0 0 0 0 0 0 0', 0),
('Nupasik', 26, -1, '0 0 0 0 0 0 0', 0),
('Nupasik', 27, -1, '0 0 0 0 0 0 0', 0),
('Nupasik', 28, 306, '0 0 0 0 0 0 0', 4),
('Nupasik', 29, -1, '0 0 0 0 0 0 0', 0),
('Nupasik', 30, -1, '0 0 0 0 0 0 0', 0),
('Nupasik', 31, -1, '0 0 0 0 0 0 0', 0),
('Nupasik', 32, -1, '0 0 0 0 0 0 0', 0),
('Nupasik', 33, -1, '0 0 0 0 0 0 0', 0),
('Nupasik', 34, -1, '0 0 0 0 0 0 0', 0),
('Nupasik', 35, -1, '0 0 0 0 0 0 0', 0),
('Nupasik', 36, -1, '0 0 0 0 0 0 0', 0),
('Nupasik', 37, -1, '0 0 0 0 0 0 0', 0),
('Nupasik', 38, -1, '0 0 0 0 0 0 0', 0),
('Nupasik', 39, -1, '0 0 0 0 0 0 0', 0),
('Nupasik', 40, -1, '0 0 0 0 0 0 0', 0),
('Nupasik', 41, -1, '0 0 0 0 0 0 0', 0),
('Nupasik', 42, -1, '0 0 0 0 0 0 0', 0),
('Nupasik', 43, -1, '0 0 0 0 0 0 0', 0),
('Nupasik', 44, -1, '0 0 0 0 0 0 0', 0),
('Nupasik', 45, -1, '0 0 0 0 0 0 0', 0),
('Nupasik', 46, -1, '0 0 0 0 0 0 0', 0),
('Nupasik', 47, -1, '0 0 0 0 0 0 0', 0),
('Nupasik', 48, -1, '0 0 0 0 0 0 0', 0),
('Nupasik', 49, -1, '0 0 0 0 0 0 0', 0),
('Nupasik', 50, -1, '0 0 0 0 0 0 0', 0),
('Nupasik', 51, -1, '0 0 0 0 0 0 0', 0),
('Nupasik', 52, -1, '0 0 0 0 0 0 0', 0),
('Nupasik', 53, -1, '0 0 0 0 0 0 0', 0),
('Nupasik', 54, -1, '0 0 0 0 0 0 0', 0),
('Nupasik', 55, -1, '0 0 0 0 0 0 0', 0),
('Nupasik', 56, -1, '0 0 0 0 0 0 0', 0),
('Nupasik', 57, -1, '0 0 0 0 0 0 0', 0),
('Nupasik', 58, -1, '0 0 0 0 0 0 0', 0),
('Nupasik', 59, -1, '0 0 0 0 0 0 0', 0),
('Nupasik', 60, -1, '0 0 0 0 0 0 0', 0),
('Nupasik', 61, -1, '0 0 0 0 0 0 0', 0),
('Nupasik', 62, -1, '0 0 0 0 0 0 0', 0),
('Nupasik', 63, -1, '0 0 0 0 0 0 0', 0),
('Nupasik', 64, -1, '0 0 0 0 0 0 0', 0),
('Nupasik', 65, -1, '0 0 0 0 0 0 0', 0),
('Nupasik', 66, -1, '0 0 0 0 0 0 0', 0),
('Nupasik', 67, -1, '0 0 0 0 0 0 0', 0),
('Nupasik', 68, -1, '0 0 0 0 0 0 0', 0),
('Nupasik', 69, -1, '0 0 0 0 0 0 0', 0),
('Nupasik', 70, -1, '0 0 0 0 0 0 0', 0),
('Nupasik', 71, -1, '0 0 0 0 0 0 0', 0),
('Nupasik', 72, -1, '0 0 0 0 0 0 0', 0),
('Nupasik', 73, -1, '0 0 0 0 0 0 0', 0),
('Nupasik', 74, -1, '0 0 0 0 0 0 0', 0),
('Nupasik', 75, -1, '0 0 0 0 0 0 0', 0),
('Nupasik', 76, -1, '0 0 0 0 0 0 0', 0),
('Nupasik', 77, -1, '0 0 0 0 0 0 0', 0),
('Nupasik', 78, -1, '0 0 0 0 0 0 0', 0),
('Nupasik', 79, -1, '0 0 0 0 0 0 0', 0),
('Nupasik', 80, -1, '0 0 0 0 0 0 0', 0),
('Nupasik', 81, -1, '0 0 0 0 0 0 0', 0),
('Nupasik', 82, -1, '0 0 0 0 0 0 0', 0),
('Nupasik', 83, -1, '0 0 0 0 0 0 0', 0),
('Nupasik', 84, -1, '0 0 0 0 0 0 0', 0),
('Nupasik', 85, -1, '0 0 0 0 0 0 0', 0),
('Nupasik', 86, -1, '0 0 0 0 0 0 0', 0),
('Nupasik', 87, -1, '0 0 0 0 0 0 0', 0),
('Nupasik', 88, -1, '0 0 0 0 0 0 0', 0),
('Nupasik', 89, -1, '0 0 0 0 0 0 0', 0),
('Nupasik', 90, -1, '0 0 0 0 0 0 0', 0),
('Nupasik', 91, -1, '0 0 0 0 0 0 0', 0),
('Nupasik', 92, -1, '0 0 0 0 0 0 0', 0),
('Nupasik', 93, -1, '0 0 0 0 0 0 0', 0),
('Nupasik', 94, -1, '0 0 0 0 0 0 0', 0),
('Nupasik', 95, -1, '0 0 0 0 0 0 0', 0),
('Nupasik', 96, -1, '0 0 0 0 0 0 0', 0),
('Nupasik', 97, -1, '0 0 0 0 0 0 0', 0),
('Nupasik', 98, -1, '0 0 0 0 0 0 0', 0),
('Nupasik', 99, -1, '0 0 0 0 0 0 0', 0),
('Nupasik', 100, -1, '0 0 0 0 0 0 0', 0),
('Nupasik', 101, -1, '0 0 0 0 0 0 0', 0),
('Nupasik', 102, -1, '0 0 0 0 0 0 0', 0),
('Nupasik', 103, -1, '0 0 0 0 0 0 0', 0),
('Nupasik', 104, -1, '0 0 0 0 0 0 0', 0),
('Nupasik', 105, -1, '0 0 0 0 0 0 0', 0),
('Nupasik', 106, -1, '0 0 0 0 0 0 0', 0),
('Nupasik', 107, -1, '0 0 0 0 0 0 0', 0),
('Nupasik', 108, -1, '0 0 0 0 0 0 0', 0),
('Nupasik', 109, -1, '0 0 0 0 0 0 0', 0),
('Nupasik', 110, -1, '0 0 0 0 0 0 0', 0),
('Nupasik', 111, -1, '0 0 0 0 0 0 0', 0),
('Nupasik', 112, -1, '0 0 0 0 0 0 0', 0),
('Nupasik', 113, -1, '0 0 0 0 0 0 0', 0),
('Nupasik', 114, -1, '0 0 0 0 0 0 0', 0),
('Nupasik', 115, -1, '0 0 0 0 0 0 0', 0),
('Nupasik', 116, -1, '0 0 0 0 0 0 0', 0),
('Nupasik', 117, -1, '0 0 0 0 0 0 0', 0),
('Nupasik', 118, -1, '0 0 0 0 0 0 0', 0),
('Nupasik', 119, -1, '0 0 0 0 0 0 0', 0),
('Nupasik', 120, -1, '0 0 0 0 0 0 0', 0),
('Nupasik', 121, -1, '0 0 0 0 0 0 0', 0),
('Nupasik', 122, -1, '0 0 0 0 0 0 0', 0),
('Nupasik', 123, -1, '0 0 0 0 0 0 0', 0),
('Nupasik', 124, -1, '0 0 0 0 0 0 0', 0),
('YellowDuck', 0, -1, '0 0 0 0 0 0 0', 0),
('YellowDuck', 1, 282, '0 0 0 0 0 0 0', 217),
('YellowDuck', 2, 284, '0 0 0 0 0 0 0', 104),
('YellowDuck', 3, 283, '0 0 0 0 0 0 0', 51),
('YellowDuck', 4, 285, '0 0 0 0 0 0 0', 19),
('YellowDuck', 5, -1, '1 1 1 0 0 0 0', 0),
('YellowDuck', 6, -1, '3 0 0 0 0 0 0', 0),
('YellowDuck', 7, 149, '3 3 3 3 3 0 0', 1),
('YellowDuck', 8, -1, '1 1 1 0 0 0 0', 0),
('YellowDuck', 9, 290, '0 0 0 0 0 0 0', 279),
('YellowDuck', 10, 366, '0 0 0 0 0 0 0', 25),
('YellowDuck', 11, -1, '0 0 0 0 0 0 0', 0),
('YellowDuck', 12, -1, '0 0 0 0 0 0 0', 0),
('YellowDuck', 13, -1, '0 0 0 0 0 0 0', 0),
('YellowDuck', 14, -1, '0 0 0 0 0 0 0', 0),
('YellowDuck', 15, -1, '0 0 0 0 0 0 0', 0),
('YellowDuck', 16, -1, '0 0 0 0 0 0 0', 0),
('YellowDuck', 17, -1, '0 0 0 0 0 0 0', 0),
('YellowDuck', 18, -1, '0 0 0 0 0 0 0', 0),
('YellowDuck', 19, 161, '0 0 0 0 0 0 0', 1),
('YellowDuck', 20, -1, '0 0 0 0 0 0 0', 0),
('YellowDuck', 21, -1, '0 0 0 0 0 0 0', 0),
('YellowDuck', 22, -1, '0 0 0 0 0 0 0', 0),
('YellowDuck', 23, -1, '0 0 0 0 0 0 0', 0),
('YellowDuck', 24, -1, '0 0 0 0 0 0 0', 0),
('YellowDuck', 25, -1, '0 0 0 0 0 0 0', 0),
('YellowDuck', 26, -1, '0 0 0 0 0 0 0', 0),
('YellowDuck', 27, -1, '0 0 0 0 0 0 0', 0),
('YellowDuck', 28, -1, '0 0 0 0 0 0 0', 0),
('YellowDuck', 29, 299, '0 0 0 0 0 0 0', 1),
('YellowDuck', 30, -1, '0 0 0 0 0 0 0', 0),
('YellowDuck', 31, -1, '0 0 0 0 0 0 0', 0),
('YellowDuck', 32, -1, '0 0 0 0 0 0 0', 0),
('YellowDuck', 33, -1, '0 0 0 0 0 0 0', 0),
('YellowDuck', 34, -1, '0 0 0 0 0 0 0', 0),
('YellowDuck', 35, -1, '0 0 0 0 0 0 0', 0),
('YellowDuck', 36, -1, '0 0 0 0 0 0 0', 0),
('YellowDuck', 37, -1, '0 0 0 0 0 0 0', 0),
('YellowDuck', 38, -1, '0 0 0 0 0 0 0', 0),
('YellowDuck', 39, 306, '0 0 0 0 0 0 0', 21);
INSERT INTO `inventories` (`PlayerName`, `SlotID`, `ItemID`, `SlotMod`, `Count`) VALUES
('YellowDuck', 40, 293, '0 0 0 0 0 0 0', 117),
('YellowDuck', 41, -1, '0 0 0 0 0 0 0', 0),
('YellowDuck', 42, -1, '0 0 0 0 0 0 0', 0),
('YellowDuck', 43, -1, '0 0 0 0 0 0 0', 0),
('YellowDuck', 44, -1, '0 0 0 0 0 0 0', 0),
('YellowDuck', 45, 292, '0 0 0 0 0 0 0', 155),
('YellowDuck', 46, 294, '0 0 0 0 0 0 0', 146),
('YellowDuck', 47, 296, '0 0 0 0 0 0 0', 147),
('YellowDuck', 48, 295, '0 0 0 0 0 0 0', 139),
('YellowDuck', 49, 291, '0 0 0 0 0 0 0', 97),
('YellowDuck', 50, -1, '0 0 0 0 0 0 0', 0),
('YellowDuck', 51, -1, '0 0 0 0 0 0 0', 0),
('YellowDuck', 52, -1, '0 0 0 0 0 0 0', 0),
('YellowDuck', 53, -1, '0 0 0 0 0 0 0', 0),
('YellowDuck', 54, -1, '0 0 0 0 0 0 0', 0),
('YellowDuck', 55, -1, '0 0 0 0 0 0 0', 0),
('YellowDuck', 56, -1, '0 0 0 0 0 0 0', 0),
('YellowDuck', 57, -1, '0 0 0 0 0 0 0', 0),
('YellowDuck', 58, -1, '0 0 0 0 0 0 0', 0),
('YellowDuck', 59, -1, '0 0 0 0 0 0 0', 0),
('YellowDuck', 60, -1, '0 0 0 0 0 0 0', 0),
('YellowDuck', 61, -1, '0 0 0 0 0 0 0', 0),
('YellowDuck', 62, -1, '0 0 0 0 0 0 0', 0),
('YellowDuck', 63, -1, '0 0 0 0 0 0 0', 0),
('YellowDuck', 64, -1, '0 0 0 0 0 0 0', 0),
('YellowDuck', 65, -1, '0 0 0 0 0 0 0', 0),
('YellowDuck', 66, -1, '0 0 0 0 0 0 0', 0),
('YellowDuck', 67, -1, '0 0 0 0 0 0 0', 0),
('YellowDuck', 68, -1, '0 0 0 0 0 0 0', 0),
('YellowDuck', 69, -1, '0 0 0 0 0 0 0', 0),
('YellowDuck', 70, -1, '0 0 0 0 0 0 0', 0),
('YellowDuck', 71, -1, '0 0 0 0 0 0 0', 0),
('YellowDuck', 72, -1, '0 0 0 0 0 0 0', 0),
('YellowDuck', 73, -1, '0 0 0 0 0 0 0', 0),
('YellowDuck', 74, -1, '0 0 0 0 0 0 0', 0),
('YellowDuck', 75, -1, '0 0 0 0 0 0 0', 0),
('YellowDuck', 76, -1, '0 0 0 0 0 0 0', 0),
('YellowDuck', 77, -1, '0 0 0 0 0 0 0', 0),
('YellowDuck', 78, -1, '0 0 0 0 0 0 0', 0),
('YellowDuck', 79, -1, '0 0 0 0 0 0 0', 0),
('YellowDuck', 80, -1, '0 0 0 0 0 0 0', 0),
('YellowDuck', 81, -1, '0 0 0 0 0 0 0', 0),
('YellowDuck', 82, -1, '0 0 0 0 0 0 0', 0),
('YellowDuck', 83, -1, '0 0 0 0 0 0 0', 0),
('YellowDuck', 84, -1, '0 0 0 0 0 0 0', 0),
('YellowDuck', 85, -1, '0 0 0 0 0 0 0', 0),
('YellowDuck', 86, -1, '0 0 0 0 0 0 0', 0),
('YellowDuck', 87, -1, '0 0 0 0 0 0 0', 0),
('YellowDuck', 88, -1, '0 0 0 0 0 0 0', 0),
('YellowDuck', 89, -1, '0 0 0 0 0 0 0', 0),
('YellowDuck', 90, -1, '0 0 0 0 0 0 0', 0),
('YellowDuck', 91, -1, '0 0 0 0 0 0 0', 0),
('YellowDuck', 92, -1, '0 0 0 0 0 0 0', 0),
('YellowDuck', 93, -1, '0 0 0 0 0 0 0', 0),
('YellowDuck', 94, -1, '0 0 0 0 0 0 0', 0),
('YellowDuck', 95, -1, '0 0 0 0 0 0 0', 0),
('YellowDuck', 96, -1, '0 0 0 0 0 0 0', 0),
('YellowDuck', 97, -1, '0 0 0 0 0 0 0', 0),
('YellowDuck', 98, -1, '0 0 0 0 0 0 0', 0),
('YellowDuck', 99, -1, '0 0 0 0 0 0 0', 0),
('YellowDuck', 100, -1, '0 0 0 0 0 0 0', 0),
('YellowDuck', 101, -1, '0 0 0 0 0 0 0', 0),
('YellowDuck', 102, -1, '0 0 0 0 0 0 0', 0),
('YellowDuck', 103, -1, '0 0 0 0 0 0 0', 0),
('YellowDuck', 104, -1, '0 0 0 0 0 0 0', 0),
('YellowDuck', 105, -1, '0 0 0 0 0 0 0', 0),
('YellowDuck', 106, -1, '0 0 0 0 0 0 0', 0),
('YellowDuck', 107, -1, '0 0 0 0 0 0 0', 0),
('YellowDuck', 108, -1, '0 0 0 0 0 0 0', 0),
('YellowDuck', 109, -1, '0 0 0 0 0 0 0', 0),
('YellowDuck', 110, -1, '0 0 0 0 0 0 0', 0),
('YellowDuck', 111, -1, '0 0 0 0 0 0 0', 0),
('YellowDuck', 112, -1, '0 0 0 0 0 0 0', 0),
('YellowDuck', 113, -1, '0 0 0 0 0 0 0', 0),
('YellowDuck', 114, -1, '0 0 0 0 0 0 0', 0),
('YellowDuck', 115, -1, '0 0 0 0 0 0 0', 0),
('YellowDuck', 116, -1, '0 0 0 0 0 0 0', 0),
('YellowDuck', 117, -1, '0 0 0 0 0 0 0', 0),
('YellowDuck', 118, -1, '0 0 0 0 0 0 0', 0),
('YellowDuck', 119, -1, '0 0 0 0 0 0 0', 0),
('YellowDuck', 120, -1, '0 0 0 0 0 0 0', 0),
('YellowDuck', 121, -1, '0 0 0 0 0 0 0', 0),
('YellowDuck', 122, -1, '0 0 0 0 0 0 0', 0),
('YellowDuck', 123, -1, '0 0 0 0 0 0 0', 0),
('YellowDuck', 124, -1, '0 0 0 0 0 0 0', 0);

-- --------------------------------------------------------

--
-- Структура таблицы `items`
--

CREATE TABLE `items` (
  `ID` int(11) NOT NULL,
  `IsTradeble` int(11) NOT NULL DEFAULT '1',
  `Name` varchar(255) NOT NULL,
  `Type` int(11) NOT NULL,
  `Grade` int(11) NOT NULL,
  `MinRank` int(11) NOT NULL,
  `Description` varchar(255) NOT NULL,
  `Property` varchar(255) NOT NULL,
  `PropertyVal` varchar(255) NOT NULL,
  `Price` int(11) NOT NULL,
  `Model` int(11) NOT NULL,
  `ModelRotX` int(11) NOT NULL,
  `ModelRotY` int(11) NOT NULL,
  `ModelRotZ` int(11) NOT NULL
) ENGINE=InnoDB DEFAULT CHARSET=cp1251;

--
-- Дамп данных таблицы `items`
--

INSERT INTO `items` (`ID`, `IsTradeble`, `Name`, `Type`, `Grade`, `MinRank`, `Description`, `Property`, `PropertyVal`, `Price`, `Model`, `ModelRotX`, `ModelRotY`, `ModelRotZ`) VALUES
(0, 0, 'Кольт-1945', 1, 1, 1, 'Классический пистолет', '0 0 0', '0 0 0', 0, 346, 0, 0, 0),
(1, 1, 'Усиленный кольт-1945', 1, 1, 1, 'Усиленный вариант классического пистолета.', '0 0 0', '0 0 0', 15, 346, 0, 0, 0),
(2, 1, '[Тип В] Усиленный кольт-1945', 1, 2, 1, 'Усиленный вариант классического пистолета.', '0 0 0', '0 0 0', 37, 346, 0, 0, 0),
(3, 1, '[Тип С-Урон] Усиленный кольт-1945', 1, 3, 1, 'Усиленный вариант классического пистолета', '1 0 0', '10 0 0', 65, 346, 0, 0, 0),
(4, 1, '[Тип С-Точность] Усиленный кольт-1945', 1, 3, 1, 'Усиленный вариант классического пистолета', '4 0 0', '30 0 0', 65, 346, 0, 0, 0),
(5, 1, '[Тип С-Уклонение] Усиленный кольт-1945', 1, 3, 1, 'Усиленный вариант классического пистолета', '3 0 0', '30 0 0', 65, 346, 0, 0, 0),
(6, 1, '[Тип С-Увеличение HP] Усиленный кольт-1945', 1, 3, 1, 'Усиленный вариант классического пистолета', '5 0 0', '10 0 0', 65, 346, 0, 0, 0),
(7, 1, '[Тип С-Защита] Усиленный кольт-1945', 1, 3, 1, 'Усиленный вариант классического пистолета', '2 0 0', '10 0 0', 65, 346, 0, 0, 0),
(8, 1, '[Тип С-Крит] Усиленный кольт-1945', 1, 3, 1, 'Усиленный вариант классического пистолета', '6 0 0', '5 0 0', 65, 346, 0, 0, 0),
(9, 1, 'Пустынный орел', 1, 1, 2, 'Мощный, но не скорострельный пистолет', '0 0 0', '0 0 0', 134, 348, 0, 0, 0),
(10, 1, '[Тип В] Пустынный орел', 1, 2, 2, 'Мощный, но не скорострельный пистолет', '0 0 0', '0 0 0', 335, 348, 0, 0, 0),
(11, 1, '[Тип С-Урон] Пустынный орел', 1, 3, 2, 'Мощный, но не скорострельный пистолет', '1 0 0', '10 0 0', 586, 348, 0, 0, 0),
(12, 1, '[Тип С-Точность] Пустынный орел', 1, 3, 2, 'Мощный, но не скорострельный пистолет', '4 0 0', '30 0 0', 586, 348, 0, 0, 0),
(13, 1, '[Тип С-Уклонение] Пустынный орел', 1, 3, 2, 'Мощный, но не скорострельный пистолет', '3 0 0', '30 0 0', 586, 348, 0, 0, 0),
(14, 1, '[Тип С-Увеличение HP] Пустынный орел', 1, 3, 2, 'Мощный, но не скорострельный пистолет', '5 0 0', '10 0 0', 586, 348, 0, 0, 0),
(15, 1, '[Тип С-Защита] Пустынный орел', 1, 3, 2, 'Мощный, но не скорострельный пистолет', '2 0 0', '10 0 0', 586, 348, 0, 0, 0),
(16, 1, '[Тип С-Крит] Пустынный орел', 1, 3, 2, 'Мощный, но не скорострельный пистолет', '6 0 0', '5 0 0', 586, 348, 0, 0, 0),
(17, 1, 'Трещотка Едемского', 1, 1, 3, 'Едем-вариант пистолета-пулемета', '0 0 0', '0 0 0', 318, 352, 0, 0, 0),
(18, 1, '[Тип В] Трещотка Едемского', 1, 2, 3, 'Едем-вариант пистолета-пулемета', '0 0 0', '0 0 0', 795, 352, 0, 0, 0),
(19, 1, '[Тип С-Урон] Трещотка Едемского', 1, 3, 3, 'Едем-вариант пистолета-пулемета', '1 0 0', '10 0 0', 1391, 352, 0, 0, 0),
(20, 1, '[Тип С-Точность] Трещотка Едемского', 1, 3, 3, 'Едем-вариант пистолета-пулемета', '4 0 0', '30 0 0', 1391, 352, 0, 0, 0),
(21, 1, '[Тип С-Уклонение] Трещотка Едемского', 1, 3, 3, 'Едем-вариант пистолета-пулемета', '3 0 0', '30 0 0', 1391, 352, 0, 0, 0),
(22, 1, '[Тип С-Увеличение HP] Трещотка Едемского', 1, 3, 3, 'Едем-вариант пистолета-пулемета', '5 0 0', '10 0 0', 1391, 352, 0, 0, 0),
(23, 1, '[Тип С-Защита] Трещотка Едемского', 1, 3, 3, 'Едем-вариант пистолета-пулемета', '2 0 0', '10 0 0', 1391, 352, 0, 0, 0),
(24, 1, '[Тип С-Крит] Трещотка Едемского', 1, 3, 3, 'Едем-вариант пистолета-пулемета', '6 0 0', '5 0 0', 1391, 352, 0, 0, 0),
(25, 1, 'Боевая трещотка', 1, 1, 4, 'Надежный боевой пистолет-пулемет', '0 0 0', '0 0 0', 1010, 372, 0, 0, 0),
(26, 1, '[Тип В] Боевая трещотка', 1, 2, 4, 'Надежный боевой пистолет-пулемет', '0 0 0', '0 0 0', 2526, 372, 0, 0, 0),
(27, 1, '[Тип С-Урон] Боевая трещотка', 1, 3, 4, 'Надежный боевой пистолет-пулемет', '1 0 0', '10 0 0', 4420, 372, 0, 0, 0),
(28, 1, '[Тип С-Точность] Боевая трещотка', 1, 3, 4, 'Надежный боевой пистолет-пулемет', '4 0 0', '30 0 0', 4420, 372, 0, 0, 0),
(29, 1, '[Тип С-Уклонение] Боевая трещотка', 1, 3, 4, 'Надежный боевой пистолет-пулемет', '3 0 0', '30 0 0', 4420, 372, 0, 0, 0),
(30, 1, '[Тип С-Увеличение HP] Боевая трещотка', 1, 3, 4, 'Надежный боевой пистолет-пулемет', '5 0 0', '10 0 0', 4420, 372, 0, 0, 0),
(31, 1, '[Тип С-Защита] Боевая трещотка', 1, 3, 4, 'Надежный боевой пистолет-пулемет', '2 0 0', '10 0 0', 4420, 372, 0, 0, 0),
(32, 1, '[Тип С-Крит] Боевая трещотка', 1, 3, 4, 'Надежный боевой пистолет-пулемет', '6 0 0', '5 0 0', 4420, 372, 0, 0, 0),
(33, 1, 'Пулемет Шажковой власти', 1, 1, 5, 'Мощнейший пистолет-пулемет', '0 0 0', '0 0 0', 2763, 353, 0, 0, 0),
(34, 1, '[Тип В] Пулемет Шажковой власти', 1, 2, 5, 'Мощнейший пистолет-пулемет', '0 0 0', '0 0 0', 6907, 353, 0, 0, 0),
(35, 1, '[Тип С-Урон] Пулемет Шажковой власти', 1, 3, 5, 'Мощнейший пистолет-пулемет', '1 0 0', '10 0 0', 12088, 353, 0, 0, 0),
(36, 1, '[Тип С-Точность] Пулемет Шажковой власти', 1, 3, 5, 'Мощнейший пистолет-пулемет', '4 0 0', '30 0 0', 12088, 353, 0, 0, 0),
(37, 1, '[Тип С-Уклонение] Пулемет Шажковой власти', 1, 3, 5, 'Мощнейший пистолет-пулемет', '3 0 0', '30 0 0', 12088, 353, 0, 0, 0),
(38, 1, '[Тип С-Увеличение HP] Пулемет Шажковой власти', 1, 3, 5, 'Мощнейший пистолет-пулемет', '5 0 0', '10 0 0', 12088, 353, 0, 0, 0),
(39, 1, '[Тип С-Защита] Пулемет Шажковой власти', 1, 3, 5, 'Мощнейший пистолет-пулемет', '2 0 0', '10 0 0', 12088, 353, 0, 0, 0),
(40, 1, '[Тип С-Крит] Пулемет Шажковой власти', 1, 3, 5, 'Мощнейший пистолет-пулемет', '6 0 0', '5 0 0', 12088, 353, 0, 0, 0),
(41, 1, 'Штурмовая винтовка', 1, 1, 6, 'Качественное оружие для опытных воинов', '0 0 0', '0 0 0', 7182, 355, 0, 0, -45),
(42, 1, '[Тип В] Штурмовая винтовка', 1, 2, 6, 'Качественное оружие для опытных воинов', '0 0 0', '0 0 0', 17966, 355, 0, 0, -45),
(43, 1, '[Тип С-Урон] Штурмовая винтовка', 1, 3, 6, 'Качественное оружие для опытных воинов', '1 0 0', '10 0 0', 31423, 355, 0, 0, -45),
(44, 1, '[Тип С-Точность] Штурмовая винтовка', 1, 3, 6, 'Качественное оружие для опытных воинов', '4 0 0', '30 0 0', 31423, 355, 0, 0, -45),
(45, 1, '[Тип С-Уклонение] Штурмовая винтовка', 1, 3, 6, 'Качественное оружие для опытных воинов', '3 0 0', '30 0 0', 31423, 355, 0, 0, -45),
(46, 1, '[Тип С-Увеличение HP] Штурмовая винтовка', 1, 3, 6, 'Качественное оружие для опытных воинов', '5 0 0', '10 0 0', 31423, 355, 0, 0, -45),
(47, 1, '[Тип С-Защита] Штурмовая винтовка', 1, 3, 6, 'Качественное оружие для опытных воинов', '2 0 0', '10 0 0', 31423, 355, 0, 0, -45),
(48, 1, '[Тип С-Крит] Штурмовая винтовка', 1, 3, 6, 'Качественное оружие для опытных воинов', '6 0 0', '5 0 0', 31423, 355, 0, 0, -45),
(49, 1, 'Автомат стражи Шажка', 1, 1, 6, 'Редкий вид винтовок, используемый приспешниками Шажка Всемогущего', '0 0 0', '0 0 0', 10159, 356, 0, 0, -45),
(50, 1, '[Тип В] Автомат стражи Шажка', 1, 2, 6, 'Редкий вид винтовок, используемый приспешниками Шажка Всемогущего', '0 0 0', '0 0 0', 25397, 356, 0, 0, -45),
(51, 1, '[Тип С-Урон] Автомат стражи Шажка', 1, 3, 6, 'Редкий вид винтовок, используемый приспешниками Шажка Всемогущего', '1 0 0', '10 0 0', 44445, 356, 0, 0, -45),
(52, 1, '[Тип С-Точность] Автомат стражи Шажка', 1, 3, 6, 'Редкий вид винтовок, используемый приспешниками Шажка Всемогущего', '4 0 0', '30 0 0', 44445, 356, 0, 0, -45),
(53, 1, '[Тип С-Уклонение] Автомат стражи Шажка', 1, 3, 6, 'Редкий вид винтовок, используемый приспешниками Шажка Всемогущего', '3 0 0', '30 0 0', 44445, 356, 0, 0, -45),
(54, 1, '[Тип С-Увеличение HP] Автомат стражи Шажка', 1, 3, 6, 'Редкий вид винтовок, используемый приспешниками Шажка Всемогущего', '5 0 0', '10 0 0', 44445, 356, 0, 0, -45),
(55, 1, '[Тип С-Защита] Автомат стражи Шажка', 1, 3, 6, 'Редкий вид винтовок, используемый приспешниками Шажка Всемогущего', '2 0 0', '10 0 0', 44445, 356, 0, 0, -45),
(56, 1, '[Тип С-Крит] Автомат стражи Шажка', 1, 3, 6, 'Редкий вид винтовок, используемый приспешниками Шажка Всемогущего', '6 0 0', '5 0 0', 44445, 356, 0, 0, -45),
(57, 1, 'Могучий дробовик', 1, 1, 7, 'Тяжелое и мощное оружие для очень опытных бойцов', '0 0 0', '0 0 0', 76392, 349, 0, 0, -45),
(58, 1, '[Тип В] Могучий дробовик', 1, 2, 7, 'Тяжелое и мощное оружие для очень опытных бойцов', '0 0 0', '0 0 0', 190981, 349, 0, 0, -45),
(59, 1, '[Тип С-Урон] Могучий дробовик', 1, 3, 7, 'Тяжелое и мощное оружие для очень опытных бойцов', '1 0 0', '10 0 0', 334217, 349, 0, 0, -45),
(60, 1, '[Тип С-Точность] Могучий дробовик', 1, 3, 7, 'Тяжелое и мощное оружие для очень опытных бойцов', '4 0 0', '30 0 0', 334217, 349, 0, 0, -45),
(61, 1, '[Тип С-Уклонение] Могучий дробовик', 1, 3, 7, 'Тяжелое и мощное оружие для очень опытных бойцов', '3 0 0', '30 0 0', 334217, 349, 0, 0, -45),
(62, 1, '[Тип С-Увеличение HP] Могучий дробовик', 1, 3, 7, 'Тяжелое и мощное оружие для очень опытных бойцов', '5 0 0', '10 0 0', 334217, 349, 0, 0, -45),
(63, 1, '[Тип С-Защита] Могучий дробовик', 1, 3, 7, 'Тяжелое и мощное оружие для очень опытных бойцов', '2 0 0', '10 0 0', 334217, 349, 0, 0, -45),
(64, 1, '[Тип С-Крит] Могучий дробовик', 1, 3, 7, 'Тяжелое и мощное оружие для очень опытных бойцов', '6 0 0', '5 0 0', 334217, 349, 0, 0, -45),
(65, 1, 'Дробитель едема', 1, 1, 8, 'Один элитный боец с этим оружием способен уничтожить целую армию Едемского', '0 0 0', '0 0 0', 189650, 351, 0, 0, 0),
(66, 1, '[Тип В] Дробитель едема', 1, 2, 8, 'Один элитный боец с этим оружием способен уничтожить целую армию Едемского', '0 0 0', '0 0 0', 474127, 351, 0, 0, 0),
(67, 1, '[Тип С-Урон] Дробитель едема', 1, 3, 8, 'Один элитный боец с этим оружием способен уничтожить целую армию Едемского', '1 0 0', '10 0 0', 829772, 351, 0, 0, 0),
(68, 1, '[Тип С-Точность] Дробитель едема', 1, 3, 8, 'Один элитный боец с этим оружием способен уничтожить целую армию Едемского', '4 0 0', '30 0 0', 829772, 351, 0, 0, 0),
(69, 1, '[Тип С-Уклонение] Дробитель едема', 1, 3, 8, 'Один элитный боец с этим оружием способен уничтожить целую армию Едемского', '3 0 0', '30 0 0', 829772, 351, 0, 0, 0),
(70, 1, '[Тип С-Увеличение HP] Дробитель едема', 1, 3, 8, 'Один элитный боец с этим оружием способен уничтожить целую армию Едемского', '5 0 0', '10 0 0', 829772, 351, 0, 0, 0),
(71, 1, '[Тип С-Защита] Дробитель едема', 1, 3, 8, 'Один элитный боец с этим оружием способен уничтожить целую армию Едемского', '2 0 0', '10 0 0', 829772, 351, 0, 0, 0),
(72, 1, '[Тип С-Крит] Дробитель едема', 1, 3, 8, 'Один элитный боец с этим оружием способен уничтожить целую армию Едемского', '6 0 0', '5 0 0', 829772, 351, 0, 0, 0),
(73, 1, 'Крушитель буржуев', 1, 1, 9, 'Могущественное оружие, способное прорядить даже самих Буржуев', '0 0 0', '0 0 0', 670813, 350, 0, 0, 0),
(74, 1, '[Тип В] Крушитель буржуев', 1, 2, 9, 'Могущественное оружие, способное прорядить даже самих Буржуев', '0 0 0', '0 0 0', 1677034, 350, 0, 0, 0),
(75, 1, '[Тип С-Урон] Крушитель буржуев', 1, 3, 9, 'Могущественное оружие, способное прорядить даже самих Буржуев', '1 0 0', '10 0 0', 2934810, 350, 0, 0, 0),
(76, 1, '[Тип С-Точность] Крушитель буржуев', 1, 3, 9, 'Могущественное оружие, способное прорядить даже самих Буржуев', '4 0 0', '30 0 0', 2934810, 350, 0, 0, 0),
(77, 1, '[Тип С-Уклонение] Крушитель буржуев', 1, 3, 9, 'Могущественное оружие, способное прорядить даже самих Буржуев', '3 0 0', '30 0 0', 2934810, 350, 0, 0, 0),
(78, 1, '[Тип С-Увеличение HP] Крушитель буржуев', 1, 3, 9, 'Могущественное оружие, способное прорядить даже самих Буржуев', '5 0 0', '10 0 0', 2934810, 350, 0, 0, 0),
(79, 1, '[Тип С-Защита] Крушитель буржуев', 1, 3, 9, 'Могущественное оружие, способное прорядить даже самих Буржуев', '2 0 0', '10 0 0', 2934810, 350, 0, 0, 0),
(80, 1, '[Тип С-Крит] Крушитель буржуев', 1, 3, 9, 'Могущественное оружие, способное прорядить даже самих Буржуев', '6 0 0', '5 0 0', 2934810, 350, 0, 0, 0),
(81, 0, 'Одежда бомжа', 2, 1, 1, 'Все с чего-то начинают', '0 0 0', '0 0 0', 0, 78, 0, 0, 0),
(82, 1, 'Гоп-костюм', 2, 1, 1, 'Можно смело передвигаться в этом на районе', '0 0 0', '0 0 0', 15, 22, 0, 0, 0),
(83, 1, '[Тип В] Гоп-костюм', 2, 2, 1, 'Можно смело передвигаться в этом на районе', '0 0 0', '0 0 0', 37, 22, 0, 0, 0),
(84, 1, '[Тип С-Урон] Гоп-костюм', 2, 3, 1, 'Можно смело передвигаться в этом на районе', '1 0 0', '5 0 0', 65, 22, 0, 0, 0),
(85, 1, '[Тип С-Увеличение HP] Гоп-костюм', 2, 3, 1, 'Можно смело передвигаться в этом на районе', '5 0 0', '5 0 0', 65, 22, 0, 0, 0),
(86, 1, '[Тип С-Защита] Гоп-костюм', 2, 3, 1, 'Можно смело передвигаться в этом на районе', '2 0 0', '5 0 0', 65, 22, 0, 0, 0),
(87, 1, '[Тип С-Крит] Гоп-костюм', 2, 3, 1, 'Можно смело передвигаться в этом на районе', '6 0 0', '3 0 0', 65, 22, 0, 0, 0),
(88, 1, 'Бичевка', 2, 1, 2, 'Лучше так, чем голым...', '0 0 0', '0 0 0', 134, 6, 0, 0, 0),
(89, 1, '[Тип В] Бичевка', 2, 2, 2, 'Лучше так, чем голым...', '0 0 0', '0 0 0', 335, 6, 0, 0, 0),
(90, 1, '[Тип С-Урон] Бичевка', 2, 3, 2, 'Лучше так, чем голым...', '1 0 0', '5 0 0', 586, 6, 0, 0, 0),
(91, 1, '[Тип С-Увеличение HP] Бичевка', 2, 3, 2, 'Лучше так, чем голым...', '5 0 0', '5 0 0', 586, 6, 0, 0, 0),
(92, 1, '[Тип С-Защита] Бичевка', 2, 3, 2, 'Лучше так, чем голым...', '2 0 0', '5 0 0', 586, 6, 0, 0, 0),
(93, 1, '[Тип С-Крит] Бичевка', 2, 3, 2, 'Лучше так, чем голым...', '6 0 0', '3 0 0', 586, 6, 0, 0, 0),
(94, 1, 'Спецодежда заводчанина', 2, 1, 3, 'Думаешь тебе достаточно денег? У тебя просто нет времени их тратить', '0 0 0', '0 0 0', 318, 167, 0, 0, 0),
(95, 1, '[Тип В] Спецодежда заводчанина', 2, 2, 3, 'Думаешь тебе достаточно денег? У тебя просто нет времени их тратить', '0 0 0', '0 0 0', 795, 167, 0, 0, 0),
(96, 1, '[Тип С-Урон] Спецодежда заводчанина', 2, 3, 3, 'Думаешь тебе достаточно денег? У тебя просто нет времени их тратить', '1 0 0', '5 0 0', 1391, 167, 0, 0, 0),
(97, 1, '[Тип С-Увеличение HP] Спецодежда заводчанина', 2, 3, 3, 'Думаешь тебе достаточно денег? У тебя просто нет времени их тратить', '5 0 0', '5 0 0', 1391, 167, 0, 0, 0),
(98, 1, '[Тип С-Защита] Спецодежда заводчанина', 2, 3, 3, 'Думаешь тебе достаточно денег? У тебя просто нет времени их тратить', '2 0 0', '5 0 0', 1391, 167, 0, 0, 0),
(99, 1, '[Тип С-Крит] Спецодежда заводчанина', 2, 3, 3, 'Думаешь тебе достаточно денег? У тебя просто нет времени их тратить', '6 0 0', '3 0 0', 1391, 167, 0, 0, 0),
(100, 1, 'Униформа врача', 2, 1, 4, 'Признавайся, украл в поликлинике?', '0 0 0', '0 0 0', 1010, 70, 0, 0, 0),
(101, 1, '[Тип В] Униформа врача', 2, 2, 4, 'Признавайся, украл в поликлинике?', '0 0 0', '0 0 0', 2526, 70, 0, 0, 0),
(102, 1, '[Тип С-Урон] Униформа врача', 2, 3, 4, 'Признавайся, украл в поликлинике?', '1 0 0', '5 0 0', 4420, 70, 0, 0, 0),
(103, 1, '[Тип С-Увеличение HP] Униформа врача', 2, 3, 4, 'Признавайся, украл в поликлинике?', '5 0 0', '5 0 0', 4420, 70, 0, 0, 0),
(104, 1, '[Тип С-Защита] Униформа врача', 2, 3, 4, 'Признавайся, украл в поликлинике?', '2 0 0', '5 0 0', 4420, 70, 0, 0, 0),
(105, 1, '[Тип С-Крит] Униформа врача', 2, 3, 4, 'Признавайся, украл в поликлинике?', '6 0 0', '3 0 0', 4420, 70, 0, 0, 0),
(106, 1, 'Ментовской шмот', 2, 1, 5, 'На самом деле очень опасная одежда. Лучше не появляться в ней на районе', '0 0 0', '0 0 0', 2763, 310, 0, 0, 0),
(107, 1, '[Тип В] Ментовской шмот', 2, 2, 5, 'На самом деле очень опасная одежда. Лучше не появляться в ней на районе', '0 0 0', '0 0 0', 6907, 310, 0, 0, 0),
(108, 1, '[Тип С-Урон] Ментовской шмот', 2, 3, 5, 'На самом деле очень опасная одежда. Лучше не появляться в ней на районе', '1 0 0', '5 0 0', 12088, 310, 0, 0, 0),
(109, 1, '[Тип С-Увеличение HP] Ментовской шмот', 2, 3, 5, 'На самом деле очень опасная одежда. Лучше не появляться в ней на районе', '5 0 0', '5 0 0', 12088, 310, 0, 0, 0),
(110, 1, '[Тип С-Защита] Ментовской шмот', 2, 3, 5, 'На самом деле очень опасная одежда. Лучше не появляться в ней на районе', '2 0 0', '5 0 0', 12088, 310, 0, 0, 0),
(111, 1, '[Тип С-Крит] Ментовской шмот', 2, 3, 5, 'На самом деле очень опасная одежда. Лучше не появляться в ней на районе', '6 0 0', '3 0 0', 12088, 310, 0, 0, 0),
(112, 1, 'Смокинг', 2, 1, 6, 'Хороший и уважаемый внешний вид', '0 0 0', '0 0 0', 7182, 147, 0, 0, 0),
(113, 1, '[Тип В] Смокинг', 2, 2, 6, 'Хороший и уважаемый внешний вид', '0 0 0', '0 0 0', 17966, 147, 0, 0, 0),
(114, 1, '[Тип С-Урон] Смокинг', 2, 3, 6, 'Хороший и уважаемый внешний вид', '1 0 0', '5 0 0', 31423, 147, 0, 0, 0),
(115, 1, '[Тип С-Увеличение HP] Смокинг', 2, 3, 6, 'Хороший и уважаемый внешний вид', '5 0 0', '5 0 0', 31423, 147, 0, 0, 0),
(116, 1, '[Тип С-Защита] Смокинг', 2, 3, 6, 'Хороший и уважаемый внешний вид', '2 0 0', '5 0 0', 31423, 147, 0, 0, 0),
(117, 1, '[Тип С-Крит] Смокинг', 2, 3, 6, 'Хороший и уважаемый внешний вид', '6 0 0', '3 0 0', 31423, 147, 0, 0, 0),
(118, 1, 'Знак авторитета', 2, 1, 7, 'Большинство людей будут проявлять уважение', '0 0 0', '0 0 0', 76392, 127, 0, 0, 0),
(119, 1, '[Тип В] Знак авторитета', 2, 2, 7, 'Большинство людей будут проявлять уважение', '0 0 0', '0 0 0', 190981, 127, 0, 0, 0),
(120, 1, '[Тип С-Урон] Знак авторитета', 2, 3, 7, 'Большинство людей будут проявлять уважение', '1 0 0', '5 0 0', 334217, 127, 0, 0, 0),
(121, 1, '[Тип С-Увеличение HP] Знак авторитета', 2, 3, 7, 'Большинство людей будут проявлять уважение', '5 0 0', '5 0 0', 334217, 127, 0, 0, 0),
(122, 1, '[Тип С-Защита] Знак авторитета', 2, 3, 7, 'Большинство людей будут проявлять уважение', '2 0 0', '5 0 0', 334217, 127, 0, 0, 0),
(123, 1, '[Тип С-Крит] Знак авторитета', 2, 3, 7, 'Большинство людей будут проявлять уважение', '6 0 0', '3 0 0', 334217, 127, 0, 0, 0),
(124, 1, 'Черный мафиози', 2, 1, 8, 'Опознавательный знак опасных людей. Максимум уважения', '0 0 0', '0 0 0', 189650, 126, 0, 0, 0),
(125, 1, '[Тип В] Черный мафиози', 2, 2, 8, 'Опознавательный знак опасных людей. Максимум уважения', '0 0 0', '0 0 0', 474127, 126, 0, 0, 0),
(126, 1, '[Тип С-Урон] Черный мафиози', 2, 3, 8, 'Опознавательный знак опасных людей. Максимум уважения', '1 0 0', '5 0 0', 829722, 126, 0, 0, 0),
(127, 1, '[Тип С-Увеличение HP] Черный мафиози', 2, 3, 8, 'Опознавательный знак опасных людей. Максимум уважения', '5 0 0', '5 0 0', 829722, 126, 0, 0, 0),
(128, 1, '[Тип С-Защита] Черный мафиози', 2, 3, 8, 'Опознавательный знак опасных людей. Максимум уважения', '2 0 0', '5 0 0', 829722, 126, 0, 0, 0),
(129, 1, '[Тип С-Крит] Черный мафиози', 2, 3, 8, 'Опознавательный знак опасных людей. Максимум уважения', '6 0 0', '3 0 0', 829722, 126, 0, 0, 0),
(130, 1, 'Истиный буржуа', 2, 1, 9, 'Одеяние самих Буржуев. Показатель власти и могущества, даже сам Шажок Всемогущий не достоин это носить', '0 0 0', '0 0 0', 670813, 294, 0, 0, 0),
(131, 1, '[Тип В] Истиный буржуа', 2, 2, 9, 'Одеяние самих Буржуев. Показатель власти и могущества, даже сам Шажок Всемогущий не достоин это носить', '0 0 0', '0 0 0', 1677034, 294, 0, 0, 0),
(132, 1, '[Тип С-Урон] Истиный буржуа', 2, 3, 9, 'Одеяние самих Буржуев. Показатель власти и могущества, даже сам Шажок Всемогущий не достоин это носить', '1 0 0', '5 0 0', 2934810, 294, 0, 0, 0),
(133, 1, '[Тип С-Увеличение HP] Истиный буржуа', 2, 3, 9, 'Одеяние самих Буржуев. Показатель власти и могущества, даже сам Шажок Всемогущий не достоин это носить', '5 0 0', '5 0 0', 2934810, 294, 0, 0, 0),
(134, 1, '[Тип С-Защита] Истиный буржуа', 2, 3, 9, 'Одеяние самих Буржуев. Показатель власти и могущества, даже сам Шажок Всемогущий не достоин это носить', '2 0 0', '5 0 0', 2934810, 294, 0, 0, 0),
(135, 1, '[Тип С-Крит] Истиный буржуа', 2, 3, 9, 'Одеяние самих Буржуев. Показатель власти и могущества, даже сам Шажок Всемогущий не достоин это носить', '6 0 0', '3 0 0', 2934810, 294, 0, 0, 0),
(136, 0, 'Шапка бомжа', 3, 1, 1, 'Шапка с помойки', '0 0 0', '0 0 0', 0, 18921, 0, -45, 0),
(137, 1, 'Шапка гопника', 3, 1, 1, 'Шапка пацана с района', '0 0 0', '0 0 0', 15, 19554, 0, -45, 0),
(138, 1, '[Тип В] Шапка гопника', 3, 2, 1, 'Шапка пацана с района', '0 0 0', '0 0 0', 37, 19554, 0, -45, 0),
(139, 1, '[Тип С-Урон] Шапка гопника', 3, 3, 1, 'Шапка пацана с района', '1 0 0', '5 0 0', 65, 19554, 0, -45, 0),
(140, 1, '[Тип С-Увеличение HP] Шапка гопника', 3, 3, 1, 'Шапка пацана с района', '5 0 0', '5 0 0', 65, 19554, 0, -45, 0),
(141, 1, '[Тип С-Защита] Шапка гопника', 3, 3, 1, 'Шапка пацана с района', '2 0 0', '5 0 0', 65, 19554, 0, -45, 0),
(142, 1, '[Тип С-Крит] Шапка гопника', 3, 3, 1, 'Шапка пацана с района', '6 0 0', '3 0 0', 65, 19554, 0, -45, 0),
(143, 1, 'Бичевская кепка', 3, 1, 2, 'Бича видно издалека...', '0 0 0', '0 0 0', 134, 18942, 0, -45, 0),
(144, 1, '[Тип В] Бичевская кепка', 3, 2, 2, 'Бича видно издалека...', '0 0 0', '0 0 0', 335, 18942, 0, -45, 0),
(145, 1, '[Тип С-Урон] Бичевская кепка', 3, 3, 2, 'Бича видно издалека...', '1 0 0', '5 0 0', 586, 18942, 0, -45, 0),
(146, 1, '[Тип С-Увеличение HP] Бичевская кепка', 3, 3, 2, 'Бича видно издалека...', '5 0 0', '5 0 0', 586, 18942, 0, -45, 0),
(147, 1, '[Тип С-Защита] Бичевская кепка', 3, 3, 2, 'Бича видно издалека...', '2 0 0', '5 0 0', 586, 18942, 0, -45, 0),
(148, 1, '[Тип С-Крит] Бичевская кепка', 3, 3, 2, 'Бича видно издалека...', '6 0 0', '3 0 0', 586, 18942, 0, -45, 0),
(149, 1, 'Заводская каска', 3, 1, 3, 'Береги голову! Завод место опасное', '0 0 0', '0 0 0', 318, 19118, 0, -45, 0),
(150, 1, '[Тип В] Заводская каска', 3, 2, 3, 'Береги голову! Завод место опасное', '0 0 0', '0 0 0', 795, 19118, 0, -45, 0),
(151, 1, '[Тип С-Урон] Заводская каска', 3, 3, 3, 'Береги голову! Завод место опасное', '1 0 0', '5 0 0', 1391, 19118, 0, -45, 0),
(152, 1, '[Тип С-Увеличение HP] Заводская каска', 3, 3, 3, 'Береги голову! Завод место опасное', '5 0 0', '5 0 0', 1391, 19118, 0, -45, 0),
(153, 1, '[Тип С-Защита] Заводская каска', 3, 3, 3, 'Береги голову! Завод место опасное', '2 0 0', '5 0 0', 1391, 19118, 0, -45, 0),
(154, 1, '[Тип С-Крит] Заводская каска', 3, 3, 3, 'Береги голову! Завод место опасное', '6 0 0', '3 0 0', 1391, 19118, 0, -45, 0),
(155, 1, 'Серая шляпа', 3, 1, 4, 'Парадный головной убор', '0 0 0', '0 0 0', 1010, 18946, 0, -45, 0),
(156, 1, '[Тип В] Серая шляпа', 3, 2, 4, 'Парадный головной убор', '0 0 0', '0 0 0', 2526, 18946, 0, -45, 0),
(157, 1, '[Тип С-Урон] Серая шляпа', 3, 3, 4, 'Парадный головной убор', '1 0 0', '5 0 0', 4420, 18946, 0, -45, 0),
(158, 1, '[Тип С-Увеличение HP] Серая шляпа', 3, 3, 4, 'Парадный головной убор', '5 0 0', '5 0 0', 4420, 18946, 0, -45, 0),
(159, 1, '[Тип С-Защита] Серая шляпа', 3, 3, 4, 'Парадный головной убор', '2 0 0', '5 0 0', 4420, 18946, 0, -45, 0),
(160, 1, '[Тип С-Крит] Серая шляпа', 3, 3, 4, 'Парадный головной убор', '6 0 0', '3 0 0', 4420, 18946, 0, -45, 0),
(161, 1, 'Ментовская кепка', 3, 1, 5, 'Лучше сними, а то район нынче неспокойный...', '0 0 0', '0 0 0', 2763, 19521, 0, -45, 0),
(162, 1, '[Тип В] Ментовская кепка', 3, 2, 5, 'Лучше сними, а то район нынче неспокойный...', '0 0 0', '0 0 0', 6907, 19521, 0, -45, 0),
(163, 1, '[Тип С-Урон] Ментовская кепка', 3, 3, 5, 'Лучше сними, а то район нынче неспокойный...', '1 0 0', '5 0 0', 12088, 19521, 0, -45, 0),
(164, 1, '[Тип С-Увеличение HP] Ментовская кепка', 3, 3, 5, 'Лучше сними, а то район нынче неспокойный...', '5 0 0', '5 0 0', 12088, 19521, 0, -45, 0),
(165, 1, '[Тип С-Защита] Ментовская кепка', 3, 3, 5, 'Лучше сними, а то район нынче неспокойный...', '2 0 0', '5 0 0', 12088, 19521, 0, -45, 0),
(166, 1, '[Тип С-Крит] Ментовская кепка', 3, 3, 5, 'Лучше сними, а то район нынче неспокойный...', '6 0 0', '3 0 0', 12088, 19521, 0, -45, 0),
(167, 1, 'ВСДД шляпа', 3, 1, 6, 'Действительно создает впечатление делового клоуна', '0 0 0', '0 0 0', 7182, 19095, 0, -45, 0),
(168, 1, '[Тип В] ВСДД шляпа', 3, 2, 6, 'Действительно создает впечатление делового клоуна', '0 0 0', '0 0 0', 17966, 19095, 0, -45, 0),
(169, 1, '[Тип С-Урон] ВСДД шляпа', 3, 3, 6, 'Действительно создает впечатление делового клоуна', '1 0 0', '5 0 0', 31423, 19095, 0, -45, 0),
(170, 1, '[Тип С-Увеличение HP] ВСДД шляпа', 3, 3, 6, 'Действительно создает впечатление делового клоуна', '5 0 0', '5 0 0', 31423, 19095, 0, -45, 0),
(171, 1, '[Тип С-Защита] ВСДД шляпа', 3, 3, 6, 'Действительно создает впечатление делового клоуна', '2 0 0', '5 0 0', 31423, 19095, 0, -45, 0),
(172, 1, '[Тип С-Крит] ВСДД шляпа', 3, 3, 6, 'Действительно создает впечатление делового клоуна', '6 0 0', '3 0 0', 31423, 19095, 0, -45, 0),
(173, 1, 'Шляпа авторитета', 3, 1, 7, 'Сразу видно - уважаемый человек', '0 0 0', '0 0 0', 76392, 18951, 0, -45, 0),
(174, 1, '[Тип В] Шляпа авторитета', 3, 2, 7, 'Сразу видно - уважаемый человек', '0 0 0', '0 0 0', 190981, 18951, 0, -45, 0),
(175, 1, '[Тип С-Урон] Шляпа авторитета', 3, 3, 7, 'Сразу видно - уважаемый человек', '1 0 0', '5 0 0', 334217, 18951, 0, -45, 0),
(176, 1, '[Тип С-Увеличение HP] Шляпа авторитета', 3, 3, 7, 'Сразу видно - уважаемый человек', '5 0 0', '5 0 0', 334217, 18951, 0, -45, 0),
(177, 1, '[Тип С-Защита] Шляпа авторитета', 3, 3, 7, 'Сразу видно - уважаемый человек', '2 0 0', '5 0 0', 334217, 18951, 0, -45, 0),
(178, 1, '[Тип С-Крит] Шляпа авторитета', 3, 3, 7, 'Сразу видно - уважаемый человек', '6 0 0', '3 0 0', 334217, 18951, 0, -45, 0),
(179, 1, 'Мафиозная шляпа', 3, 1, 8, 'С такими обычно не связываются', '0 0 0', '0 0 0', 189650, 18962, 0, -45, 0),
(180, 1, '[Тип В] Мафиозная шляпа', 3, 2, 8, 'С такими обычно не связываются', '0 0 0', '0 0 0', 474127, 18962, 0, -45, 0),
(181, 1, '[Тип С-Урон] Мафиозная шляпа', 3, 3, 8, 'С такими обычно не связываются', '1 0 0', '5 0 0', 829722, 18962, 0, -45, 0),
(182, 1, '[Тип С-Увеличение HP] Мафиозная шляпа', 3, 3, 8, 'С такими обычно не связываются', '5 0 0', '5 0 0', 829722, 18962, 0, -45, 0),
(183, 1, '[Тип С-Защита] Мафиозная шляпа', 3, 3, 8, 'С такими обычно не связываются', '2 0 0', '5 0 0', 829722, 18962, 0, -45, 0),
(184, 1, '[Тип С-Крит] Мафиозная шляпа', 3, 3, 8, 'С такими обычно не связываются', '6 0 0', '3 0 0', 829722, 18962, 0, -45, 0),
(185, 1, 'Шляпа буржуа', 3, 1, 9, 'Нужно заработать целое состояние, чтобы такое носить', '0 0 0', '0 0 0', 670813, 18950, 0, -45, 0),
(186, 1, '[Тип В] Шляпа буржуа', 3, 2, 9, 'Нужно заработать целое состояние, чтобы такое носить', '0 0 0', '0 0 0', 1677034, 18950, 0, -45, 0),
(187, 1, '[Тип С-Урон] Шляпа буржуа', 3, 3, 9, 'Нужно заработать целое состояние, чтобы такое носить', '1 0 0', '5 0 0', 2934810, 18950, 0, -45, 0),
(188, 1, '[Тип С-Увеличение HP] Шляпа буржуа', 3, 3, 9, 'Нужно заработать целое состояние, чтобы такое носить', '5 0 0', '5 0 0', 2934810, 18950, 0, -45, 0),
(189, 1, '[Тип С-Защита] Шляпа буржуа', 3, 3, 9, 'Нужно заработать целое состояние, чтобы такое носить', '2 0 0', '5 0 0', 2934810, 18950, 0, -45, 0),
(190, 1, '[Тип С-Крит] Шляпа буржуа', 3, 3, 9, 'Нужно заработать целое состояние, чтобы такое носить', '6 0 0', '3 0 0', 2934810, 18950, 0, -45, 0),
(191, 1, 'Очки дурака', 4, 4, 1, 'Адекватный человек не будет носить такие очки', '1 4 0', '5 5 0', 30000, 19011, 0, -45, 135),
(192, 1, 'Гейские очки', 4, 4, 2, 'Тут не очень хорошо к такому относятся', '1 4 0', '8 8 0', 50000, 19010, 0, -45, 135),
(193, 1, 'Очки клоуна', 4, 4, 3, 'Циркачи - народ интересный', '1 4 0', '10 10 0', 120000, 19026, 0, -45, 135),
(194, 1, 'Очки Пепе', 4, 4, 4, 'Михаил Михайлович одобряет', '1 4 0', '13 13 0', 200000, 19030, 0, -45, 135),
(195, 1, 'Очки Вовака', 4, 4, 5, 'Похож на Вовака, ничего не скажешь', '1 4 0', '15 15 0', 600000, 19035, 0, -45, 135),
(196, 1, 'Очки Шажка', 4, 4, 6, 'Легендарные очки легендарного Шажка', '1 4 0', '18 18 0', 1150000, 19015, 0, -45, 135),
(197, 1, 'Очки авторитета', 4, 4, 7, 'Местные авторитеты только в таких и ходят', '1 4 0', '20 20 0', 1800000, 19023, 0, -45, 135),
(198, 1, 'Мафиозные очки', 4, 4, 8, 'Простой человек не может позволить подобное', '1 4 0', '23 23 0', 2950000, 19033, 0, -45, 135),
(199, 1, 'Очки буржуа', 4, 4, 9, 'Огромная стоимость этих очков однозначно характеризует владельца', '1 4 0', '25 25 0', 5000000, 19139, 0, -45, 135),
(200, 1, 'Часы с рынка', 5, 3, 1, 'Себестоимость равна нулю, кто-то нашел на помойке', '5 4 0', '5 5 0', 15000, 19046, 0, -45, 0),
(201, 1, 'Бичевские часы', 5, 3, 2, 'Говорят, такие видели на Савеловской', '5 4 0', '8 8 0', 25000, 19053, 0, -45, 0),
(202, 1, 'Гейские часы', 5, 3, 3, 'Лучше не показывать никому, могут не так понять', '5 4 0', '10 10 0', 60000, 19045, 0, -45, 0),
(203, 1, 'Клоунские часы', 5, 3, 4, 'Цирк - дело хорошее', '5 4 0', '13 13 0', 100000, 19051, 0, -45, 0),
(204, 1, 'Серебряные часы', 5, 3, 5, 'Очень похоже на настоящее серебро', '5 4 0', '15 15 0', 300000, 19040, 0, -45, 0),
(205, 1, 'Золотые часы', 5, 3, 6, 'Дорогие часы из настоящего золота', '5 4 0', '18 18 0', 550000, 19042, 0, -45, 0),
(206, 1, 'Платиновые часы', 5, 3, 7, 'Платиновый ремешок бросается в глаза', '5 4 0', '20 20 0', 900000, 19043, 0, -45, 0),
(207, 1, 'Часы авторитета', 5, 3, 8, 'Еденицы могут такое носить', '5 4 0', '23 23 0', 1450000, 19048, 0, -45, 0),
(208, 1, 'Часы буржуа', 5, 3, 9, 'Ну тут всё ясно. Одним словом - буржуй', '5 4 0', '25 25 0', 2500000, 19039, 0, -45, 0),
(209, 1, 'Кольцо Едемского', 6, 2, 1, 'Природа происхождения этой бижутерии намекает на худшее', '3 0 0', '5 0 0', 500, 954, 0, 0, 0),
(210, 1, 'Кольцо Едемского', 6, 2, 1, 'Природа происхождения этой бижутерии намекает на худшее', '4 0 0', '5 0 0', 500, 954, 0, 0, 0),
(211, 1, 'Защитное кольцо Едемского', 6, 2, 1, 'Природа происхождения этой бижутерии намекает на худшее', '2 3 0', '10 5 0', 1000, 954, 0, 0, 0),
(212, 1, 'Защитное кольцо Едемского', 6, 2, 1, 'Природа происхождения этой бижутерии намекает на худшее', '2 4 0', '10 5 0', 1000, 954, 0, 0, 0),
(213, 1, 'Боевое кольцо Едемского', 6, 2, 1, 'Природа происхождения этой бижутерии намекает на худшее', '1 3 0', '10 5 0', 1000, 954, 0, 0, 0),
(214, 1, 'Боевое кольцо Едемского', 6, 2, 1, 'Природа происхождения этой бижутерии намекает на худшее', '1 4 0', '10 5 0', 1000, 954, 0, 0, 0),
(215, 1, 'Могучее кольцо Едемского', 6, 2, 1, 'Природа происхождения этой бижутерии намекает на худшее', '1 2 0', '10 10 0', 1500, 954, 0, 0, 0),
(216, 1, 'Амулет циркача', 7, 2, 1, 'Интересного дизайна бижутерия, можно раздобыть в цирке', '3 0 0', '10 0 0', 3000, 954, 0, 0, 0),
(217, 1, 'Амулет циркача', 7, 2, 1, 'Интересного дизайна бижутерия, можно раздобыть в цирке', '4 0 0', '10 0 0', 3000, 954, 0, 0, 0),
(218, 1, 'Защитный амулет циркача', 7, 2, 1, 'Интересного дизайна бижутерия, можно раздобыть в цирке', '2 3 0', '15 10 0', 6000, 954, 0, 0, 0),
(219, 1, 'Защитный амулет циркача', 7, 2, 1, 'Интересного дизайна бижутерия, можно раздобыть в цирке', '2 4 0', '15 10 0', 6000, 954, 0, 0, 0),
(220, 1, 'Боевой амулет циркача', 7, 2, 1, 'Интересного дизайна бижутерия, можно раздобыть в цирке', '1 3 0', '15 10 0', 6000, 954, 0, 0, 0),
(221, 1, 'Боевой амулет циркача', 7, 2, 1, 'Интересного дизайна бижутерия, можно раздобыть в цирке', '1 4 0', '15 10 0', 6000, 954, 0, 0, 0),
(222, 1, 'Могучий амулет циркача', 7, 2, 1, 'Интересного дизайна бижутерия, можно раздобыть в цирке', '1 2 0', '15 15 0', 12000, 954, 0, 0, 0),
(223, 1, 'Кольцо Шажка', 6, 2, 1, 'Ходят слухи, что сам Шажок Всемогущий когда-то носил это', '3 0 0', '15 0 0', 50000, 954, 0, 0, 0),
(224, 1, 'Кольцо Шажка', 6, 2, 1, 'Ходят слухи, что сам Шажок Всемогущий когда-то носил это', '4 0 0', '15 0 0', 50000, 954, 0, 0, 0),
(225, 1, 'Защитное кольцо Шажка', 6, 2, 1, 'Ходят слухи, что сам Шажок Всемогущий когда-то носил это', '2 3 0', '20 15 0', 100000, 954, 0, 0, 0),
(226, 1, 'Защитное кольцо Шажка', 6, 2, 1, 'Ходят слухи, что сам Шажок Всемогущий когда-то носил это', '2 4 0', '20 15 0', 100000, 954, 0, 0, 0),
(227, 1, 'Боевое кольцо Шажка', 6, 2, 1, 'Ходят слухи, что сам Шажок Всемогущий когда-то носил это', '1 3 0', '20 15 0', 100000, 954, 0, 0, 0),
(228, 1, 'Боевое кольцо Шажка', 6, 2, 1, 'Ходят слухи, что сам Шажок Всемогущий когда-то носил это', '1 4 0', '20 15 0', 100000, 954, 0, 0, 0),
(229, 1, 'Могучее кольцо Шажка', 6, 2, 1, 'Ходят слухи, что сам Шажок Всемогущий когда-то носил это', '1 2 0', '20 20 0', 200000, 954, 0, 0, 0),
(230, 1, 'Амулет буржуа', 7, 2, 1, 'Превосходная бижутерия прямиком из буржуазии', '3 0 0', '20 0 0', 500000, 954, 0, 0, 0),
(231, 1, 'Амулет буржуа', 7, 2, 1, 'Превосходная бижутерия прямиком из буржуазии', '4 0 0', '20 0 0', 500000, 954, 0, 0, 0),
(232, 1, 'Защитный амулет буржуа', 7, 2, 1, 'Превосходная бижутерия прямиком из буржуазии', '2 3 0', '25 20 0', 1000000, 954, 0, 0, 0),
(233, 1, 'Защитный амулет буржуа', 7, 2, 1, 'Превосходная бижутерия прямиком из буржуазии', '2 4 0', '25 20 0', 1000000, 954, 0, 0, 0),
(234, 1, 'Боевой амулет буржуа', 7, 2, 1, 'Превосходная бижутерия прямиком из буржуазии', '1 3 0', '25 20 0', 1000000, 954, 0, 0, 0),
(235, 1, 'Боевой амулет буржуа', 7, 2, 1, 'Превосходная бижутерия прямиком из буржуазии', '1 4 0', '25 20 0', 1000000, 954, 0, 0, 0),
(236, 1, 'Могучий амулет буржуа', 7, 2, 1, 'Превосходная бижутерия прямиком из буржуазии', '1 2 0', '25 25 0', 2000000, 954, 0, 0, 0),
(237, 1, 'Кольцо сил земли', 6, 4, 1, 'Магическая бижутерия, источает мощь и запах царской земли', '1 4 8', '30 10 1', 3000000, 954, 0, 0, 0),
(238, 1, 'Кольцо сил земли', 6, 4, 1, 'Магическая бижутерия, источает мощь и запах царской земли', '1 5 8', '30 15 1', 3000000, 954, 0, 0, 0),
(239, 1, 'Амулет сил земли', 7, 4, 1, 'Магическая бижутерия, источает мощь и запах царской земли', '1 3 8', '30 10 1', 3000000, 954, 0, 0, 0),
(240, 1, 'Амулет сил земли', 7, 4, 1, 'Магическая бижутерия, источает мощь и запах царской земли', '1 5 8', '30 15 1', 3000000, 954, 0, 0, 0),
(241, 1, 'Великое кольцо Древних', 6, 5, 6, 'Могущественный артефакт Древнего народа', '1 2 9', '40 40 1', 0, 954, 0, 0, 0),
(242, 1, 'Великое кольцо Древних', 6, 5, 6, 'Могущественный артефакт Древнего народа', '1 5 9', '40 25 1', 0, 954, 0, 0, 0),
(243, 1, 'Великий амулет Древних', 7, 5, 6, 'Могущественный артефакт Древнего народа', '1 2 9', '40 40 1', 0, 954, 0, 0, 0),
(244, 1, 'Великий амулет Древних', 7, 5, 6, 'Могущественный артефакт Древнего народа', '1 5 9', '40 25 1', 0, 954, 0, 0, 0),
(245, 1, 'Легендарный кольт Шажка I', 1, 4, 1, 'Сам Шажок Всемогущий лично собирал по кусочкам это оружие', '1 2 4', '10 10 10', 25000, 346, 0, 0, 0),
(246, 1, 'Легендарный кольт Шажка II', 1, 4, 1, 'Сам Шажок Всемогущий лично собирал по кусочкам это оружие', '1 2 4', '15 15 15', 50000, 346, 0, 0, 0),
(247, 1, 'Легендарный кольт Шажка III', 1, 4, 1, 'Сам Шажок Всемогущий лично собирал по кусочкам это оружие', '1 2 4', '20 20 20', 75000, 346, 0, 0, 0),
(248, 1, 'Легендарный орел Шажка I', 1, 4, 2, 'Сам Шажок Всемогущий лично собирал по кусочкам это оружие', '1 6 4', '15 8 15', 60000, 348, 0, 0, 0),
(249, 1, 'Легендарный орел Шажка II', 1, 4, 2, 'Сам Шажок Всемогущий лично собирал по кусочкам это оружие', '1 6 4', '20 12 20', 120000, 348, 0, 0, 0),
(250, 1, 'Легендарный орел Шажка III', 1, 4, 2, 'Сам Шажок Всемогущий лично собирал по кусочкам это оружие', '1 6 4', '25 16 25', 180000, 348, 0, 0, 0),
(251, 1, 'Легендарная трещотка Шажка I', 1, 4, 3, 'Сам Шажок Всемогущий лично собирал по кусочкам это оружие', '1 3 5', '10 10 10', 150000, 372, 0, 0, 0),
(252, 1, 'Легендарная трещотка Шажка II', 1, 4, 3, 'Сам Шажок Всемогущий лично собирал по кусочкам это оружие', '1 3 5', '15 15 15', 300000, 372, 0, 0, 0),
(253, 1, 'Легендарная трещотка Шажка III', 1, 4, 3, 'Сам Шажок Всемогущий лично собирал по кусочкам это оружие', '1 3 5', '20 20 20', 450000, 372, 0, 0, 0),
(254, 1, 'Легендарный пулемет Шажка I', 1, 4, 5, 'Сам Шажок Всемогущий лично собирал по кусочкам это оружие', '1 3 6', '10 10 6', 250000, 353, 0, 0, 0),
(255, 1, 'Легендарный пулемет Шажка II', 1, 4, 5, 'Сам Шажок Всемогущий лично собирал по кусочкам это оружие', '1 3 6', '15 20 8', 500000, 353, 0, 0, 0),
(256, 1, 'Легендарный пулемет Шажка III', 1, 4, 5, 'Сам Шажок Всемогущий лично собирал по кусочкам это оружие', '1 3 6', '20 30 10', 750000, 353, 0, 0, 0),
(257, 1, 'Легендарный автомат Шажка I', 1, 4, 6, 'Сам Шажок Всемогущий лично собирал по кусочкам это оружие', '1 4 5', '15 10 15', 600000, 356, 0, 0, -45),
(258, 1, 'Легендарный автомат Шажка II', 1, 4, 6, 'Сам Шажок Всемогущий лично собирал по кусочкам это оружие', '1 4 5', '20 20 25', 1200000, 356, 0, 0, -45),
(259, 1, 'Легендарный автомат Шажка III', 1, 4, 6, 'Сам Шажок Всемогущий лично собирал по кусочкам это оружие', '1 4 5', '25 30 35', 1800000, 356, 0, 0, -45),
(260, 1, 'Легендарный дробовик Шажка I', 1, 4, 7, 'Сам Шажок Всемогущий лично собирал по кусочкам это оружие', '1 2 6', '20 20 8', 1300000, 349, 0, 0, -45),
(261, 1, 'Легендарный дробовик Шажка II', 1, 4, 7, 'Сам Шажок Всемогущий лично собирал по кусочкам это оружие', '1 2 6', '25 25 12', 2600000, 349, 0, 0, -45),
(262, 1, 'Легендарный дробовик Шажка III', 1, 4, 7, 'Сам Шажок Всемогущий лично собирал по кусочкам это оружие', '1 2 6', '30 30 16', 3900000, 349, 0, 0, -45),
(263, 1, 'Легендарный дробитель Шажка I', 1, 4, 8, 'Сам Шажок Всемогущий лично собирал по кусочкам это оружие', '1 3 5', '15 15 20', 3000000, 351, 0, 0, 0),
(264, 1, 'Легендарный дробитель Шажка II', 1, 4, 8, 'Сам Шажок Всемогущий лично собирал по кусочкам это оружие', '1 3 5', '25 20 30', 6000000, 351, 0, 0, 0),
(265, 1, 'Легендарный дробитель Шажка III', 1, 4, 8, 'Сам Шажок Всемогущий лично собирал по кусочкам это оружие', '1 3 5', '35 25 40', 9000000, 351, 0, 0, 0),
(266, 1, 'Легендарный крушитель Шажка I', 1, 4, 9, 'Сам Шажок Всемогущий лично собирал по кусочкам это оружие', '1 2 5', '20 10 30', 7500000, 350, 0, 0, 0),
(267, 1, 'Легендарный крушитель Шажка II', 1, 4, 9, 'Сам Шажок Всемогущий лично собирал по кусочкам это оружие', '1 2 5', '25 15 40', 15000000, 350, 0, 0, 0),
(268, 1, 'Легендарный крушитель Шажка III', 1, 4, 9, 'Сам Шажок Всемогущий лично собирал по кусочкам это оружие', '1 2 5', '30 20 50', 22500000, 350, 0, 0, 0),
(269, 1, 'Великий автомат Древних', 1, 5, 6, 'Смертоносное оружие, найденное в руинах Древнего народа', '1 4 8', '10 50 1', 0, 356, 0, 0, -45),
(270, 1, 'Великий дробовик Древних', 1, 5, 7, 'Смертоносное оружие, найденное в руинах Древнего народа', '1 4 8', '10 50 1', 0, 349, 0, 0, -45),
(271, 1, 'Великий дробитель Древних', 1, 5, 8, 'Смертоносное оружие, найденное в руинах Древнего народа', '1 4 8', '10 50 1', 0, 351, 0, 0, 0),
(272, 1, 'Великий крушитель Древних', 1, 5, 9, 'Смертоносное оружие, найденное в руинах Древнего народа', '1 4 8', '10 50 1', 0, 350, 0, 0, 0),
(273, 0, 'Церемониальный костюм', 2, 4, 1, 'Одеяние высокопоставленных лиц Цирка', '5 1 2', '30 20 20', 0, 113, 0, 0, 0),
(274, 0, 'Костюм Патриарха', 2, 4, 1, 'Одеяние всемогущего лидера Цирка', '5 1 2', '50 30 30', 0, 165, 0, 0, 0),
(275, 0, 'Церемониальный дробовик', 1, 4, 1, 'Оружие высокопоставленных лиц Цирка', '2 8 0', '30 1 0', 0, 349, 0, 0, -45),
(276, 0, 'Пистолеты Патриарха', 1, 4, 1, 'Оружие всемогущего лидера Цирка', '3 9 0', '60 1 0', 0, 346, 0, 0, 0),
(277, 0, 'Генератор HP', 8, 1, 1, 'Дополнительно восстанавливает 1% HP/сек. Действует 1 турнир', '0 0 0', '0 0 0', 25000, 1240, 0, 0, 0),
(278, 0, 'Генератор атаки', 8, 1, 1, 'Атака +5%. Действует 1 турнир', '0 0 0', '0 0 0', 25000, 1254, 0, 0, 0),
(279, 0, 'Генератор защиты', 8, 1, 1, 'Защита +5%. Действует 1 турнир', '0 0 0', '0 0 0', 25000, 1943, 0, 0, 0),
(280, 0, 'Счастливая карта', 8, 2, 1, 'Лут х2. Действует 1 турнир', '0 0 0', '0 0 0', 50000, 2682, 0, 0, 0),
(281, 0, 'Расписка Шажка', 8, 2, 1, 'Требуемый ранг -1. Действует 1 турнир', '0 0 0', '0 0 0', 20000, 2684, 0, 0, 0),
(282, 1, 'Камень атаки', 9, 1, 1, 'При модификации увеличивает атаку', '0 0 0', '0 0 0', 500, 3002, 0, 0, 0),
(283, 1, 'Камень защиты', 9, 1, 1, 'При модификации увеличивает защиту', '0 0 0', '0 0 0', 500, 3101, 0, 0, 0),
(284, 1, 'Камень точности', 9, 1, 1, 'При модификации увеличивает точность', '0 0 0', '0 0 0', 500, 3100, 0, 0, 0),
(285, 1, 'Камень уклонения', 9, 1, 1, 'При модификации увеличивает уклонение', '0 0 0', '0 0 0', 500, 3104, 0, 0, 0),
(286, 1, 'Эликсир удачи', 9, 1, 1, 'Незначительно увеличивает шанс успеха', '0 0 0', '0 0 0', 1000, 11723, 0, 0, 0),
(287, 1, 'Качественный эликсир удачи', 9, 1, 1, 'Значительно увеличивает шанс успеха', '0 0 0', '0 0 0', 25000, 11722, 0, 0, 0),
(288, 1, 'Эликсир удачи мастера', 9, 2, 1, 'Максимально увеличивает шанс успеха', '0 0 0', '0 0 0', 500000, 1543, 0, 0, 0),
(289, 1, 'Редкий эликсир удачи', 9, 3, 1, 'Редчайший предмет. Практически гарантирует успех', '0 0 0', '0 0 0', 10000000, 19823, 0, 0, 0),
(290, 1, 'Усилитель', 9, 2, 1, 'Служит для получения предметов типа В и других комбинаций', '0 0 0', '0 0 0', 2000, 18635, 0, 0, 0),
(291, 1, 'Бустер HP', 9, 1, 1, 'При комбинации с предметом типа В можно получить тип С с указанным свойством', '0 0 0', '0 0 0', 1500, 1925, 90, 0, 0),
(292, 1, 'Бустер урона', 9, 1, 1, 'При комбинации с предметом типа В можно получить тип С с указанным свойством', '0 0 0', '0 0 0', 1500, 1924, 90, 0, 0),
(293, 1, 'Бустер защиты', 9, 1, 1, 'При комбинации с предметом типа В можно получить тип С с указанным свойством', '0 0 0', '0 0 0', 1500, 1926, 90, 0, 0),
(294, 1, 'Бустер крита', 9, 1, 1, 'При комбинации с предметом типа В можно получить тип С с указанным свойством', '0 0 0', '0 0 0', 1500, 1927, 90, 0, 0),
(295, 1, 'Бустер точности', 9, 1, 1, 'При комбинации с предметом типа В можно получить тип С с указанным свойством', '0 0 0', '0 0 0', 1500, 1923, 90, 0, 0),
(296, 1, 'Бустер уклонения', 9, 1, 1, 'При комбинации с предметом типа В можно получить тип С с указанным свойством', '0 0 0', '0 0 0', 1500, 1928, 90, 0, 0),
(297, 1, 'Часть легендарного кольта Шажка', 9, 4, 1, 'Основной компонент для сборки легендарного оружия Шажка', '0 0 0', '0 0 0', 5000, 346, 0, 0, 0),
(298, 1, 'Часть легендарного орла Шажка', 9, 4, 1, 'Основной компонент для сборки легендарного оружия Шажка', '0 0 0', '0 0 0', 12000, 348, 0, 0, 0),
(299, 1, 'Часть легендарной трещотки Шажка', 9, 4, 1, 'Основной компонент для сборки легендарного оружия Шажка', '0 0 0', '0 0 0', 30000, 372, 0, 0, 0),
(300, 1, 'Часть легендарного пулемета Шажка', 9, 4, 1, 'Основной компонент для сборки легендарного оружия Шажка', '0 0 0', '0 0 0', 50000, 353, 0, 0, 0),
(301, 1, 'Часть легендарного автомата Шажка', 9, 4, 1, 'Основной компонент для сборки легендарного оружия Шажка', '0 0 0', '0 0 0', 110000, 356, 0, 0, -45),
(302, 1, 'Часть легендарного дробовика Шажка', 9, 4, 1, 'Основной компонент для сборки легендарного оружия Шажка', '0 0 0', '0 0 0', 260000, 349, 0, 0, -45),
(303, 1, 'Часть легендарного дробителя Шажка', 9, 4, 1, 'Основной компонент для сборки легендарного оружия Шажка', '0 0 0', '0 0 0', 600000, 351, 0, 0, 0),
(304, 1, 'Часть легендарного крушителя Шажка', 9, 4, 1, 'Основной компонент для сборки легендарного оружия Шажка', '0 0 0', '0 0 0', 1300000, 350, 0, 0, 0),
(305, 1, 'Инструкция Шажка', 9, 4, 1, 'Очень важно сделать все по инструкции самого великого Шажка', '0 0 0', '0 0 0', 50000, 2686, 0, 0, 0),
(306, 1, 'Катализатор', 9, 2, 1, 'Компонент для сложных комбинаций предметов', '0 0 0', '0 0 0', 10000, 2752, 0, 0, 0),
(307, 1, 'Древняя печать', 9, 5, 1, 'Служит для распечатки оружия Древних', '0 0 0', '0 0 0', 500000, 3385, 0, 0, 0),
(308, 1, 'Запечатанный автомат Древних', 9, 5, 1, 'Внутри таится сила Древних', '0 0 0', '0 0 0', 0, 356, 0, 0, -45),
(309, 1, 'Запечатанный дробовик Древних', 9, 5, 1, 'Внутри таится сила Древних', '0 0 0', '0 0 0', 0, 349, 0, 0, -45),
(310, 1, 'Запечатанный дробитель Древних', 9, 5, 1, 'Внутри таится сила Древних', '0 0 0', '0 0 0', 0, 351, 0, 0, 0),
(311, 1, 'Запечатанный крушитель Древних', 9, 5, 1, 'Внутри таится сила Древних', '0 0 0', '0 0 0', 0, 350, 0, 0, 0),
(312, 1, 'Награда опытного война', 10, 2, 1, 'Награда за высокие заслуги', '0 0 0', '0 0 0', 0, 19624, 0, 0, 0),
(313, 1, 'Награда победителя', 10, 3, 1, 'Награда элитного воина', '0 0 0', '0 0 0', 0, 19055, 0, 0, 0),
(314, 1, 'Коробка с небольшим модификатором', 10, 1, 1, 'Случайный небольшой модификатор', '0 0 0', '0 0 0', 0, 19056, 0, 0, 0),
(315, 1, 'Коробка со средним модификатором', 10, 2, 1, 'Случайный средний модификатор', '0 0 0', '0 0 0', 0, 19056, 0, 0, 0),
(316, 1, 'Коробка с крупным модификатором', 10, 3, 1, 'Случайный крупный модификатор', '0 0 0', '0 0 0', 0, 19056, 0, 0, 0),
(317, 1, 'Коробка с бижутерией низкого качества', 10, 1, 1, 'Содержит случайную бижутерию Едемского', '0 0 0', '0 0 0', 0, 19056, 0, 0, 0),
(318, 1, 'Коробка с бижутерией среднего качества', 10, 2, 1, 'Содержит случайную бижутерию циркача', '0 0 0', '0 0 0', 0, 19056, 0, 0, 0),
(319, 1, 'Коробка с бижутерией высокого качества', 10, 3, 1, 'Содержит случайную бижутерию Шажка или Буржуа', '0 0 0', '0 0 0', 0, 19056, 0, 0, 0),
(320, 1, 'Коробка с эликсиром', 10, 3, 1, 'Содержит случайный эликсир', '0 0 0', '0 0 0', 30000, 19056, 0, 0, 0),
(321, 1, '[Тип N] Небольшой модификатор 1-2', 11, 1, 1, 'При комбинации с экипировкой тип N может вставить от 1 до 2 камней', '0 0 0', '0 0 0', 10000, 2976, 0, 0, 0),
(322, 1, '[Тип N] Небольшой модификатор 1-3', 11, 1, 1, 'При комбинации с экипировкой тип N может вставить от 1 до 3 камней', '0 0 0', '0 0 0', 10000, 2976, 0, 0, 0),
(323, 1, '[Тип N] Небольшой модификатор 2-3', 11, 1, 1, 'При комбинации с экипировкой тип N может вставить от 2 до 3 камней', '0 0 0', '0 0 0', 10000, 2976, 0, 0, 0),
(324, 1, '[Тип N] Небольшой модификатор 2-4', 11, 1, 1, 'При комбинации с экипировкой тип N может вставить от 2 до 4 камней', '0 0 0', '0 0 0', 10000, 2976, 0, 0, 0),
(325, 1, '[Тип N] Небольшой модификатор 2-5', 11, 1, 1, 'При комбинации с экипировкой тип N может вставить от 2 до 5 камней', '0 0 0', '0 0 0', 10000, 2976, 0, 0, 0),
(326, 1, '[Тип N] Небольшой модификатор 2-6', 11, 1, 1, 'При комбинации с экипировкой тип N может вставить от 2 до 6 камней', '0 0 0', '0 0 0', 10000, 2976, 0, 0, 0),
(327, 1, '[Тип B] Небольшой модификатор 1-2', 11, 2, 1, 'При комбинации с экипировкой тип B может вставить от 1 до 2 камней', '0 0 0', '0 0 0', 30000, 2976, 0, 0, 0),
(328, 1, '[Тип B] Небольшой модификатор 1-3', 11, 2, 1, 'При комбинации с экипировкой тип B может вставить от 1 до 3 камней', '0 0 0', '0 0 0', 30000, 2976, 0, 0, 0),
(329, 1, '[Тип B] Небольшой модификатор 2-3', 11, 2, 1, 'При комбинации с экипировкой тип B может вставить от 2 до 3 камней', '0 0 0', '0 0 0', 30000, 2976, 0, 0, 0),
(330, 1, '[Тип B] Небольшой модификатор 2-4', 11, 2, 1, 'При комбинации с экипировкой тип B может вставить от 2 до 4 камней', '0 0 0', '0 0 0', 30000, 2976, 0, 0, 0),
(331, 1, '[Тип B] Небольшой модификатор 2-5', 11, 2, 1, 'При комбинации с экипировкой тип B может вставить от 2 до 5 камней', '0 0 0', '0 0 0', 30000, 2976, 0, 0, 0),
(332, 1, '[Тип B] Небольшой модификатор 2-6', 11, 2, 1, 'При комбинации с экипировкой тип B может вставить от 2 до 6 камней', '0 0 0', '0 0 0', 30000, 2976, 0, 0, 0),
(333, 1, '[Тип C] Небольшой модификатор 1-2', 11, 3, 1, 'При комбинации с экипировкой тип C может вставить от 1 до 2 камней', '0 0 0', '0 0 0', 50000, 2976, 0, 0, 0),
(334, 1, '[Тип C] Небольшой модификатор 1-3', 11, 3, 1, 'При комбинации с экипировкой тип C может вставить от 1 до 3 камней', '0 0 0', '0 0 0', 50000, 2976, 0, 0, 0),
(335, 1, '[Тип C] Небольшой модификатор 2-3', 11, 3, 1, 'При комбинации с экипировкой тип C может вставить от 2 до 3 камней', '0 0 0', '0 0 0', 50000, 2976, 0, 0, 0),
(336, 1, '[Тип C] Небольшой модификатор 2-4', 11, 3, 1, 'При комбинации с экипировкой тип C может вставить от 2 до 4 камней', '0 0 0', '0 0 0', 50000, 2976, 0, 0, 0),
(337, 1, '[Тип C] Небольшой модификатор 2-5', 11, 3, 1, 'При комбинации с экипировкой тип C может вставить от 2 до 5 камней', '0 0 0', '0 0 0', 50000, 2976, 0, 0, 0),
(338, 1, '[Тип C] Небольшой модификатор 2-6', 11, 3, 1, 'При комбинации с экипировкой тип C может вставить от 2 до 6 камней', '0 0 0', '0 0 0', 50000, 2976, 0, 0, 0),
(339, 1, '[Тип N] Средний модификатор 3-4', 11, 1, 1, 'При комбинации с экипировкой тип N может вставить от 3 до 4 камней', '0 0 0', '0 0 0', 100000, 2976, 0, 0, 0),
(340, 1, '[Тип N] Средний модификатор 3-5', 11, 1, 1, 'При комбинации с экипировкой тип N может вставить от 3 до 5 камней', '0 0 0', '0 0 0', 100000, 2976, 0, 0, 0),
(341, 1, '[Тип N] Средний модификатор 3-6', 11, 1, 1, 'При комбинации с экипировкой тип N может вставить от 3 до 6 камней', '0 0 0', '0 0 0', 100000, 2976, 0, 0, 0),
(342, 1, '[Тип N] Средний модификатор 4-5', 11, 1, 1, 'При комбинации с экипировкой тип N может вставить от 4 до 5 камней', '0 0 0', '0 0 0', 100000, 2976, 0, 0, 0),
(343, 1, '[Тип N] Средний модификатор 4-6', 11, 1, 1, 'При комбинации с экипировкой тип N может вставить от 4 до 6 камней', '0 0 0', '0 0 0', 100000, 2976, 0, 0, 0),
(344, 1, '[Тип B] Средний модификатор 3-4', 11, 2, 1, 'При комбинации с экипировкой тип B может вставить от 3 до 4 камней', '0 0 0', '0 0 0', 250000, 2976, 0, 0, 0),
(345, 1, '[Тип B] Средний модификатор 3-5', 11, 2, 1, 'При комбинации с экипировкой тип B может вставить от 3 до 5 камней', '0 0 0', '0 0 0', 250000, 2976, 0, 0, 0),
(346, 1, '[Тип B] Средний модификатор 3-6', 11, 2, 1, 'При комбинации с экипировкой тип B может вставить от 3 до 6 камней', '0 0 0', '0 0 0', 250000, 2976, 0, 0, 0),
(347, 1, '[Тип B] Средний модификатор 4-5', 11, 2, 1, 'При комбинации с экипировкой тип B может вставить от 4 до 5 камней', '0 0 0', '0 0 0', 250000, 2976, 0, 0, 0),
(348, 1, '[Тип B] Средний модификатор 4-6', 11, 2, 1, 'При комбинации с экипировкой тип B может вставить от 4 до 6 камней', '0 0 0', '0 0 0', 250000, 2976, 0, 0, 0),
(349, 1, '[Тип C] Средний модификатор 3-4', 11, 3, 1, 'При комбинации с экипировкой тип C может вставить от 3 до 4 камней', '0 0 0', '0 0 0', 400000, 2976, 0, 0, 0),
(350, 1, '[Тип C] Средний модификатор 3-5', 11, 3, 1, 'При комбинации с экипировкой тип C может вставить от 3 до 5 камней', '0 0 0', '0 0 0', 400000, 2976, 0, 0, 0),
(351, 1, '[Тип C] Средний модификатор 3-6', 11, 3, 1, 'При комбинации с экипировкой тип C может вставить от 3 до 6 камней', '0 0 0', '0 0 0', 400000, 2976, 0, 0, 0),
(352, 1, '[Тип C] Средний модификатор 4-5', 11, 3, 1, 'При комбинации с экипировкой тип C может вставить от 4 до 5 камней', '0 0 0', '0 0 0', 400000, 2976, 0, 0, 0),
(353, 1, '[Тип C] Средний модификатор 4-6', 11, 3, 1, 'При комбинации с экипировкой тип C может вставить от 4 до 6 камней', '0 0 0', '0 0 0', 400000, 2976, 0, 0, 0),
(354, 1, '[Тип N] Крупный модификатор 4-7', 11, 1, 1, 'При комбинации с экипировкой тип N может вставить от 4 до 7 камней', '0 0 0', '0 0 0', 500000, 2976, 0, 0, 0),
(355, 1, '[Тип N] Крупный модификатор 5-6', 11, 1, 1, 'При комбинации с экипировкой тип N может вставить от 5 до 6 камней', '0 0 0', '0 0 0', 500000, 2976, 0, 0, 0),
(356, 1, '[Тип N] Крупный модификатор 5-7', 11, 1, 1, 'При комбинации с экипировкой тип N может вставить от 5 до 7 камней', '0 0 0', '0 0 0', 500000, 2976, 0, 0, 0),
(357, 1, '[Тип N] Крупный модификатор 6-7', 11, 1, 1, 'При комбинации с экипировкой тип N может вставить от 6 до 7 камней', '0 0 0', '0 0 0', 500000, 2976, 0, 0, 0),
(358, 1, '[Тип B] Крупный модификатор 4-7', 11, 2, 1, 'При комбинации с экипировкой тип B может вставить от 4 до 7 камней', '0 0 0', '0 0 0', 900000, 2976, 0, 0, 0);
INSERT INTO `items` (`ID`, `IsTradeble`, `Name`, `Type`, `Grade`, `MinRank`, `Description`, `Property`, `PropertyVal`, `Price`, `Model`, `ModelRotX`, `ModelRotY`, `ModelRotZ`) VALUES
(359, 1, '[Тип B] Крупный модификатор 5-6', 11, 2, 1, 'При комбинации с экипировкой тип B может вставить от 5 до 6 камней', '0 0 0', '0 0 0', 900000, 2976, 0, 0, 0),
(360, 1, '[Тип B] Крупный модификатор 5-7', 11, 2, 1, 'При комбинации с экипировкой тип B может вставить от 5 до 7 камней', '0 0 0', '0 0 0', 900000, 2976, 0, 0, 0),
(361, 1, '[Тип B] Крупный модификатор 6-7', 11, 2, 1, 'При комбинации с экипировкой тип B может вставить от 6 до 7 камней', '0 0 0', '0 0 0', 900000, 2976, 0, 0, 0),
(362, 1, '[Тип C] Крупный модификатор 4-7', 11, 3, 1, 'При комбинации с экипировкой тип C может вставить от 4 до 7 камней', '0 0 0', '0 0 0', 1500000, 2976, 0, 0, 0),
(363, 1, '[Тип C] Крупный модификатор 5-6', 11, 3, 1, 'При комбинации с экипировкой тип C может вставить от 5 до 6 камней', '0 0 0', '0 0 0', 1500000, 2976, 0, 0, 0),
(364, 1, '[Тип C] Крупный модификатор 5-7', 11, 3, 1, 'При комбинации с экипировкой тип C может вставить от 5 до 7 камней', '0 0 0', '0 0 0', 1500000, 2976, 0, 0, 0),
(365, 1, '[Тип C] Крупный модификатор 6-7', 11, 3, 1, 'При комбинации с экипировкой тип C может вставить от 6 до 7 камней', '0 0 0', '0 0 0', 1500000, 2976, 0, 0, 0),
(366, 1, 'Хлам', 9, 1, 1, 'Можно продать торговцу', '0 0 0', '0 0 0', 50, 2866, 0, 0, 0);

-- --------------------------------------------------------

--
-- Структура таблицы `marketplace`
--

CREATE TABLE `marketplace` (
  `ID` int(11) NOT NULL DEFAULT '0',
  `Owner` varchar(255) NOT NULL,
  `ItemID` int(11) NOT NULL DEFAULT '-1',
  `Category` int(11) NOT NULL DEFAULT '-1',
  `ItemCount` int(11) NOT NULL DEFAULT '0',
  `ItemMod` varchar(255) NOT NULL DEFAULT '0 0 0 0 0 0 0',
  `Price` int(11) NOT NULL DEFAULT '0',
  `Time` int(11) NOT NULL DEFAULT '0'
) ENGINE=InnoDB DEFAULT CHARSET=cp1251;

--
-- Дамп данных таблицы `marketplace`
--

INSERT INTO `marketplace` (`ID`, `Owner`, `ItemID`, `Category`, `ItemCount`, `ItemMod`, `Price`, `Time`) VALUES
(0, 'Kit', 139, 2, 1, '3 3 3 3 0 0 0', 80000, 2),
(3, 'KnuckleDuster', 8, 0, 1, '1 1 1 1 0 0 0', 45000, 2),
(4, 'Gin', 94, 1, 1, '3 3 3 3 3 0 0', 140000, 2),
(5, 'YellowDuck', 143, 2, 1, '3 3 3 3 3 0 0', 160000, 4),
(7, 'Kit', 200, 4, 1, '4 4 0 0 0 0 0', 60000, 5),
(8, 'C_S_V', 143, 2, 1, '3 3 3 3 3 0 0', 140000, 5),
(9, 'Pepe', 18, 0, 1, '1 1 1 1 0 0 0', 85000, 5),
(12, 'Pepe', 297, 6, 1, '0 0 0 0 0 0 0', 35000, 5),
(13, 'Pepe', 305, 6, 1, '0 0 0 0 0 0 0', 25000, 5),
(14, 'Vovak', 2, 0, 1, '1 1 1 1 1 0 0', 60000, 5),
(15, 'Vovak', 82, 1, 1, '3 3 3 3 3 0 0', 70000, 5),
(16, 'Gin', 1, 0, 1, '1 1 1 1 1 0 0', 35000, 5),
(17, 'YellowDuck', 141, 2, 1, '3 3 3 3 3 0 0', 165000, 5),
(18, 'YellowDuck', 298, 6, 1, '0 0 0 0 0 0 0', 45000, 5),
(19, 'YellowDuck', 297, 6, 1, '0 0 0 0 0 0 0', 35000, 5),
(20, 'YellowDuck', 200, 4, 1, '4 4 4 0 0 0 0', 80000, 5),
(21, 'Kit', 27, 0, 1, '1 1 1 1 0 0 0', 150000, 8),
(22, 'Nupasik', 145, 2, 1, '3 3 3 3 0 0 0', 95000, 8);

-- --------------------------------------------------------

--
-- Структура таблицы `materials_seller`
--

CREATE TABLE `materials_seller` (
  `ID` int(11) NOT NULL DEFAULT '-1',
  `ItemID` int(11) NOT NULL DEFAULT '-1'
) ENGINE=InnoDB DEFAULT CHARSET=cp1251;

--
-- Дамп данных таблицы `materials_seller`
--

INSERT INTO `materials_seller` (`ID`, `ItemID`) VALUES
(0, 277),
(1, 278),
(2, 279),
(3, 280),
(4, 281),
(5, 282),
(6, 283),
(7, 284),
(8, 285),
(9, 290),
(10, 306),
(11, 291),
(12, 292),
(13, 293),
(14, 294),
(15, 295),
(16, 296),
(17, 320);

-- --------------------------------------------------------

--
-- Структура таблицы `mod_chances`
--

CREATE TABLE `mod_chances` (
  `Level` int(11) NOT NULL DEFAULT '1',
  `Grade` int(11) NOT NULL DEFAULT '1',
  `Potion` int(11) NOT NULL DEFAULT '-1',
  `Chances` varchar(64) NOT NULL DEFAULT '0 100 0 0'
) ENGINE=InnoDB DEFAULT CHARSET=cp1251;

--
-- Дамп данных таблицы `mod_chances`
--

INSERT INTO `mod_chances` (`Level`, `Grade`, `Potion`, `Chances`) VALUES
(1, 1, -1, '8000 2000 0 0'),
(1, 2, -1, '7800 2000 200 0'),
(1, 3, -1, '7500 2200 300 0'),
(2, 1, -1, '6000 3500 500 0'),
(2, 2, -1, '5500 3500 600 400'),
(2, 3, -1, '5000 3500 900 600'),
(3, 1, -1, '4500 4500 1000 0'),
(3, 2, -1, '4000 4000 1300 700'),
(3, 3, -1, '3500 3700 1500 1300'),
(4, 1, -1, '2800 4000 2000 1200'),
(4, 2, -1, '2400 3700 2300 1600'),
(4, 3, -1, '2200 3300 2500 2000'),
(5, 1, -1, '1000 3500 3000 2500'),
(5, 2, -1, '700 3000 3000 3300'),
(5, 3, -1, '400 2000 3600 4000'),
(6, 1, -1, '300 1500 3500 4700'),
(6, 2, -1, '100 500 4000 5400'),
(6, 3, -1, '30 300 3700 5970'),
(7, 1, -1, '10 200 2800 6990'),
(7, 2, -1, '3 100 2400 7497'),
(7, 3, -1, '1 50 1950 7899'),
(1, 1, 286, '9000 1000 0 0'),
(1, 2, 286, '8500 1400 100 0'),
(1, 3, 286, '8000 1800 200 0'),
(2, 1, 286, '7500 2300 200 0'),
(2, 2, 286, '6500 2900 400 200'),
(2, 3, 286, '6000 3000 600 400'),
(3, 1, 286, '5200 4200 600 0'),
(3, 2, 286, '4700 3800 1000 500'),
(3, 3, 286, '3900 4100 1100 1000'),
(4, 1, 286, '3300 4100 1700 900'),
(4, 2, 286, '2800 4000 2000 1200'),
(4, 3, 286, '2500 3700 2300 1500'),
(5, 1, 286, '1300 3500 2900 2300'),
(5, 2, 286, '1000 3000 2900 3100'),
(5, 3, 286, '700 2000 3500 3800'),
(6, 1, 286, '500 1500 3500 4500'),
(6, 2, 286, '300 500 4000 5200'),
(6, 3, 286, '100 300 3700 5900'),
(7, 1, 286, '50 200 2800 6950'),
(7, 2, 286, '10 100 2400 7490'),
(7, 3, 286, '7 50 1950 7893'),
(1, 1, 287, '10000 0 0 0'),
(1, 2, 287, '9500 500 0 0'),
(1, 3, 287, '9300 700 0 0'),
(2, 1, 287, '9500 500 0 0'),
(2, 2, 287, '9000 900 100 0'),
(2, 3, 287, '8800 900 200 100'),
(3, 1, 287, '6500 3300 200 0'),
(3, 2, 287, '6200 3500 200 100'),
(3, 3, 287, '6000 3500 300 200'),
(4, 1, 287, '4500 4300 700 500'),
(4, 2, 287, '4100 4000 1200 700'),
(4, 3, 287, '3700 4000 1500 800'),
(5, 1, 287, '1900 4900 2100 1100'),
(5, 2, 287, '1700 4500 2500 1300'),
(5, 3, 287, '1500 4200 2800 1500'),
(6, 1, 287, '900 4000 3000 2100'),
(6, 2, 287, '700 3100 3500 2700'),
(6, 3, 287, '500 2000 4000 3500'),
(7, 1, 287, '200 2000 2000 5800'),
(7, 2, 287, '100 1000 2500 6400'),
(7, 3, 287, '50 200 2800 6950'),
(1, 1, 288, '10000 0 0 0'),
(1, 2, 288, '10000 0 0 0'),
(1, 3, 288, '10000 0 0 0'),
(2, 1, 288, '10000 0 0 0'),
(2, 2, 288, '10000 0 0 0'),
(2, 3, 288, '10000 0 0 0'),
(3, 1, 288, '8500 1500 0 0'),
(3, 2, 288, '8100 1900 0 0'),
(3, 3, 288, '7800 2200 0 0'),
(4, 1, 288, '6800 3000 200 0'),
(4, 2, 288, '6500 3200 300 0'),
(4, 3, 288, '6200 3400 400 0'),
(5, 1, 288, '4200 4000 1400 400'),
(5, 2, 288, '4000 4000 1500 500'),
(5, 3, 288, '3800 4000 1600 600'),
(6, 1, 288, '1800 4000 2500 1700'),
(6, 2, 288, '1600 4000 2600 1800'),
(6, 3, 288, '1400 4000 2700 1900'),
(7, 1, 288, '600 2000 2400 5000'),
(7, 2, 288, '500 2000 2400 5100'),
(7, 3, 288, '400 2000 2400 5200'),
(1, 1, 289, '10000 0 0 0'),
(1, 2, 289, '10000 0 0 0'),
(1, 3, 289, '10000 0 0 0'),
(2, 1, 289, '10000 0 0 0'),
(2, 2, 289, '10000 0 0 0'),
(2, 3, 289, '10000 0 0 0'),
(3, 1, 289, '10000 0 0 0'),
(3, 2, 289, '10000 0 0 0'),
(3, 3, 289, '10000 0 0 0'),
(4, 1, 289, '10000 0 0 0'),
(4, 2, 289, '10000 0 0 0'),
(4, 3, 289, '10000 0 0 0'),
(5, 1, 289, '9700 300 0 0'),
(5, 2, 289, '9500 500 0 0'),
(5, 3, 289, '9200 800 0 0'),
(6, 1, 289, '8000 1500 500 0'),
(6, 2, 289, '7600 1700 700 0'),
(6, 3, 289, '7200 1900 900 0'),
(7, 1, 289, '4000 3500 1500 1000'),
(7, 2, 289, '3700 3500 1700 1100'),
(7, 3, 289, '3300 3500 1900 1300'),
(1, 4, -1, '6500 2700 800 0'),
(2, 4, -1, '4000 3700 1300 1000'),
(3, 4, -1, '2500 4000 1900 1600'),
(4, 4, -1, '1400 3600 2800 2200'),
(5, 4, -1, '200 1500 3800 4500'),
(6, 4, -1, '10 300 3000 6690'),
(7, 4, -1, '1 50 950 8899'),
(1, 4, 286, '7000 2500 500 0'),
(2, 4, 286, '4500 3700 1100 700'),
(3, 4, 286, '2900 4000 1700 1400'),
(4, 4, 286, '1700 3600 2600 2000'),
(5, 4, 286, '400 1500 3800 4300'),
(6, 4, 286, '60 300 3000 6640'),
(7, 4, 286, '2 50 1850 8098'),
(1, 4, 287, '8000 2000 0 0'),
(2, 4, 287, '5500 3500 800 200'),
(3, 4, 287, '3500 4500 1000 1000'),
(4, 4, 287, '2300 3700 2000 2000'),
(5, 4, 287, '800 1500 3700 4000'),
(6, 4, 287, '200 300 3000 6500'),
(7, 4, 287, '20 50 1850 8080'),
(1, 4, 288, '9500 500 0 0'),
(2, 4, 288, '8500 1500 0 0'),
(3, 4, 288, '7000 2500 500 0'),
(4, 4, 288, '5000 2000 2000 1000'),
(5, 4, 288, '2500 4500 1500 1500'),
(6, 4, 288, '800 1200 4500 3500'),
(7, 4, 288, '200 500 1500 6800'),
(1, 4, 289, '10000 0 0 0'),
(2, 4, 289, '10000 0 0 0'),
(3, 4, 289, '10000 0 0 0'),
(4, 4, 289, '9500 500 0 0'),
(5, 4, 289, '9000 900 100 0'),
(6, 4, 289, '6000 2000 1000 1000'),
(7, 4, 289, '2000 4000 1500 2500'),
(1, 5, -1, '3500 4000 2500 0'),
(2, 5, -1, '2300 3700 4000 0'),
(3, 5, -1, '1100 3900 5000 0'),
(4, 5, -1, '400 4200 5400 0'),
(5, 5, -1, '100 2400 7500 0'),
(6, 5, -1, '3 497 9500 0'),
(7, 5, -1, '1 99 9900 0'),
(1, 5, 286, '4000 4000 2000 0'),
(2, 5, 286, '2600 4400 3000 0'),
(3, 5, 286, '1300 4300 4600 0'),
(4, 5, 286, '500 4500 5000 0'),
(5, 5, 286, '200 3000 6800 0'),
(6, 5, 286, '5 495 9500 0'),
(7, 5, 286, '2 98 9900 0'),
(1, 5, 287, '6000 4000 0 0'),
(2, 5, 287, '4000 4000 2000 0'),
(3, 5, 287, '1800 4200 4000 0'),
(4, 5, 287, '1000 4500 4500 0'),
(5, 5, 287, '400 3000 6600 0'),
(6, 5, 287, '100 500 9500 0'),
(7, 5, 287, '5 95 9900 0'),
(1, 5, 288, '9000 1000 0 0'),
(2, 5, 288, '8000 1500 500 0'),
(3, 5, 288, '6000 3000 1000 0'),
(4, 5, 288, '3000 5000 2000 0'),
(5, 5, 288, '1400 5000 3600 0'),
(6, 5, 288, '400 2000 7600 0'),
(7, 5, 288, '100 900 9000 0'),
(1, 5, 289, '10000 0 0 0'),
(2, 5, 289, '10000 0 0 0'),
(3, 5, 289, '9500 500 0 0'),
(4, 5, 289, '9000 1000 0 0'),
(5, 5, 289, '8000 1800 200 0'),
(6, 5, 289, '4000 4500 1500 0'),
(7, 5, 289, '1500 4500 4000 0');

-- --------------------------------------------------------

--
-- Структура таблицы `pendings`
--

CREATE TABLE `pendings` (
  `PendingID` int(11) NOT NULL DEFAULT '0',
  `PlayerName` varchar(255) NOT NULL,
  `ItemID` int(11) NOT NULL DEFAULT '-2',
  `Count` int(11) NOT NULL DEFAULT '0',
  `ItemMod` varchar(255) NOT NULL DEFAULT '0 0 0 0 0 0 0',
  `Text` varchar(255) NOT NULL DEFAULT ''
) ENGINE=InnoDB DEFAULT CHARSET=cp1251;

--
-- Дамп данных таблицы `pendings`
--

INSERT INTO `pendings` (`PendingID`, `PlayerName`, `ItemID`, `Count`, `ItemMod`, `Text`) VALUES
(131, 'Pepe', -1, 0, '0 0 0 0 0 0 0', 'Предмет [{CCCCCC}Боевая трещотка{ffffff}] продан.'),
(132, 'ShazokVsemog', 312, 8, '0 0 0 0 0 0 0', 'Награда за 10 место'),
(133, 'Burzhui', 312, 4, '0 0 0 0 0 0 0', 'Награда за 19 место'),
(134, 'Sportsman', 312, 8, '0 0 0 0 0 0 0', 'Награда за 12 место'),
(135, 'Dimak', 312, 4, '0 0 0 0 0 0 0', 'Награда за 20 место'),
(136, 'Edem', 312, 6, '0 0 0 0 0 0 0', 'Награда за 14 место'),
(137, 'CryptoClown', 312, 6, '0 0 0 0 0 0 0', 'Награда за 13 место'),
(138, 'GENDOS', 312, 8, '0 0 0 0 0 0 0', 'Награда за 9 место'),
(139, 'Ilushniy', 312, 4, '0 0 0 0 0 0 0', 'Награда за 18 место'),
(140, 'Lusi', 312, 4, '0 0 0 0 0 0 0', 'Награда за 17 место'),
(141, 'Sheep', 313, 7, '0 0 0 0 0 0 0', 'Награда за 5 место'),
(142, 'Kit', 313, 11, '0 0 0 0 0 0 0', 'Награда за 3 место'),
(143, 'C_S_V', 312, 10, '0 0 0 0 0 0 0', 'Награда за 7 место'),
(144, 'Pepe', 313, 13, '0 0 0 0 0 0 0', 'Награда за 2 место'),
(145, 'Vovak', 312, 8, '0 0 0 0 0 0 0', 'Награда за 11 место'),
(146, 'RussianVodka', 312, 6, '0 0 0 0 0 0 0', 'Награда за 15 место'),
(147, 'KnuckleDuster', 313, 7, '0 0 0 0 0 0 0', 'Награда за 4 место'),
(148, 'Heisenberg', 312, 6, '0 0 0 0 0 0 0', 'Награда за 16 место'),
(149, 'Gin', 312, 10, '0 0 0 0 0 0 0', 'Награда за 8 место'),
(150, 'Nupasik', 312, 10, '0 0 0 0 0 0 0', 'Награда за 6 место'),
(151, 'YellowDuck', 313, 15, '0 0 0 0 0 0 0', 'Награда за 1 место'),
(152, 'ShazokVsemog', 312, 8, '0 0 0 0 0 0 0', 'Награда за 10 место'),
(153, 'Burzhui', 312, 4, '0 0 0 0 0 0 0', 'Награда за 19 место'),
(154, 'Sportsman', 312, 8, '0 0 0 0 0 0 0', 'Награда за 12 место'),
(155, 'Dimak', 312, 4, '0 0 0 0 0 0 0', 'Награда за 20 место'),
(156, 'Edem', 312, 6, '0 0 0 0 0 0 0', 'Награда за 16 место'),
(157, 'CryptoClown', 312, 6, '0 0 0 0 0 0 0', 'Награда за 13 место'),
(158, 'GENDOS', 312, 10, '0 0 0 0 0 0 0', 'Награда за 8 место'),
(159, 'Ilushniy', 312, 4, '0 0 0 0 0 0 0', 'Награда за 18 место'),
(160, 'Lusi', 312, 6, '0 0 0 0 0 0 0', 'Награда за 14 место'),
(161, 'Sheep', 313, 7, '0 0 0 0 0 0 0', 'Награда за 5 место'),
(162, 'Kit', 313, 13, '0 0 0 0 0 0 0', 'Награда за 2 место'),
(163, 'C_S_V', 312, 10, '0 0 0 0 0 0 0', 'Награда за 7 место'),
(164, 'Pepe', 313, 11, '0 0 0 0 0 0 0', 'Награда за 3 место'),
(165, 'Vovak', 312, 8, '0 0 0 0 0 0 0', 'Награда за 11 место'),
(166, 'RussianVodka', 312, 6, '0 0 0 0 0 0 0', 'Награда за 15 место'),
(167, 'KnuckleDuster', 313, 7, '0 0 0 0 0 0 0', 'Награда за 4 место'),
(168, 'Heisenberg', 312, 4, '0 0 0 0 0 0 0', 'Награда за 17 место'),
(169, 'Gin', 312, 8, '0 0 0 0 0 0 0', 'Награда за 9 место'),
(170, 'Nupasik', 312, 10, '0 0 0 0 0 0 0', 'Награда за 6 место'),
(171, 'YellowDuck', 313, 15, '0 0 0 0 0 0 0', 'Награда за 1 место');

-- --------------------------------------------------------

--
-- Структура таблицы `players`
--

CREATE TABLE `players` (
  `ID` int(11) NOT NULL DEFAULT '0',
  `Name` varchar(128) NOT NULL,
  `Owner` varchar(128) NOT NULL,
  `Sex` int(11) NOT NULL,
  `Rate` int(11) NOT NULL,
  `Rank` int(11) NOT NULL,
  `Status` int(11) NOT NULL DEFAULT '0',
  `Simulations` int(11) NOT NULL DEFAULT '0',
  `IsWatcher` int(11) NOT NULL DEFAULT '0',
  `Cash` int(11) NOT NULL,
  `PosX` float NOT NULL,
  `PosY` float NOT NULL,
  `PosZ` float NOT NULL,
  `Angle` float NOT NULL,
  `Interior` int(11) NOT NULL,
  `Skin` int(11) NOT NULL,
  `Kills` int(11) NOT NULL,
  `Deaths` int(11) NOT NULL,
  `DamageMin` int(11) NOT NULL,
  `DamageMax` int(11) NOT NULL,
  `Defense` int(11) NOT NULL,
  `Dodge` int(11) NOT NULL,
  `Accuracy` int(11) NOT NULL,
  `Crit` int(11) NOT NULL,
  `GlobalTopPos` int(11) NOT NULL,
  `LocalTopPos` int(11) NOT NULL,
  `WalkersLimit` int(11) NOT NULL DEFAULT '20',
  `WeaponSlotID` int(11) NOT NULL,
  `WeaponMod` varchar(255) NOT NULL DEFAULT '0 0 0 0 0 0 0',
  `ArmorSlotID` int(11) NOT NULL,
  `ArmorMod` varchar(255) NOT NULL DEFAULT '0 0 0 0 0 0 0',
  `HatSlotID` int(11) NOT NULL DEFAULT '136',
  `HatMod` varchar(255) NOT NULL DEFAULT '0 0 0 0 0 0 0',
  `GlassesSlotID` int(11) NOT NULL DEFAULT '-1',
  `GlassesMod` varchar(255) NOT NULL DEFAULT '0 0 0 0 0 0 0',
  `WatchSlotID` int(11) NOT NULL DEFAULT '-1',
  `WatchMod` varchar(255) NOT NULL DEFAULT '0 0 0 0 0 0 0',
  `RingSlot1ID` int(11) NOT NULL,
  `RingSlot2ID` int(11) NOT NULL,
  `AmuletteSlot1ID` int(11) NOT NULL DEFAULT '-1',
  `AmuletteSlot2ID` int(11) NOT NULL DEFAULT '-1'
) ENGINE=InnoDB DEFAULT CHARSET=cp1251;

--
-- Дамп данных таблицы `players`
--

INSERT INTO `players` (`ID`, `Name`, `Owner`, `Sex`, `Rate`, `Rank`, `Status`, `Simulations`, `IsWatcher`, `Cash`, `PosX`, `PosY`, `PosZ`, `Angle`, `Interior`, `Skin`, `Kills`, `Deaths`, `DamageMin`, `DamageMax`, `Defense`, `Dodge`, `Accuracy`, `Crit`, `GlobalTopPos`, `LocalTopPos`, `WalkersLimit`, `WeaponSlotID`, `WeaponMod`, `ArmorSlotID`, `ArmorMod`, `HatSlotID`, `HatMod`, `GlassesSlotID`, `GlassesMod`, `WatchSlotID`, `WatchMod`, `RingSlot1ID`, `RingSlot2ID`, `AmuletteSlot1ID`, `AmuletteSlot2ID`) VALUES
(0, 'Admin', 'Admin', 0, 500, 1, 0, 12, 0, 18293335, 222.405, -1849.9, 3.31254, 295.41, 0, 78, 0, 0, 13, 15, 100, 5, 20, 7, 20, 1, 20, 0, '0 0 0 0 0 0 0', 81, '0 0 0 0 0 0 0', 136, '0 0 0 0 0 0 0', -1, '0 0 0 0 0 0 0', -1, '0 0 0 0 0 0 0', -1, -1, -1, -1),
(1, 'ShazokVsemog', 'Dimak', 0, 786, 2, 0, 5, 0, 85496, -2169.27, 645.492, 1052.38, 131.12, 1, 167, 0, 0, 18, 36, 416, 80, 30, 9, 10, 4, 20, 18, '1 1 1 1 0 0 0', 95, '3 3 3 0 0 0 0', 149, '3 3 3 3 0 0 0', -1, '0 0 0 0 0 0 0', -1, '0 0 0 0 0 0 0', -1, -1, -1, -1),
(2, 'Burzhui', 'Dimak', 0, 353, 1, 0, 2, 0, 95608, 227.343, -1838.87, 3.57467, 234.357, 0, 6, 0, 11, 136, 196, 258, 110, 20, 7, 19, 9, 20, 10, '1 1 1 1 0 0 0', 88, '3 3 3 3 3 0 0', 143, '3 3 3 3 0 0 0', -1, '0 0 0 0 0 0 0', -1, '0 0 0 0 0 0 0', -1, -1, -1, -1),
(3, 'Sportsman', 'Dimak', 0, 588, 2, 0, 5, 0, 82405, 222.226, -1843.9, 3.46244, 129.946, 0, 6, 0, 0, 156, 225, 409, 60, 30, 9, 12, 2, 20, 10, '1 1 1 1 0 0 0', 90, '2 2 2 0 0 0 0', 144, '3 3 3 3 0 0 0', -1, '0 0 0 0 0 0 0', -1, '0 0 0 0 0 0 0', 213, -1, -1, -1),
(4, 'Dimak', 'Dimak', 0, 291, 1, 0, 2, 0, 73466, 226.703, -1838.42, 3.59075, 239.438, 0, 6, 1, 6, 113, 163, 267, 90, 20, 7, 20, 10, 20, 14, '1 1 1 0 0 0 0', 88, '3 3 3 3 3 0 0', 141, '3 3 3 0 0 0 0', -1, '0 0 0 0 0 0 0', -1, '0 0 0 0 0 0 0', -1, -1, -1, -1),
(5, 'Edem', 'Dimak', 0, 444, 1, 0, 5, 0, 179367, 210.498, -1836.91, 3.71404, 60.5303, 0, 6, 0, 0, 179, 258, 392, 55, 20, 10, 16, 6, 20, 10, '1 1 1 1 1 0 0', 93, '3 3 3 0 0 0 0', 147, '3 3 3 0 0 0 0', -1, '0 0 0 0 0 0 0', -1, '0 0 0 0 0 0 0', 215, -1, -1, -1),
(6, 'CryptoClown', 'Dimak', 0, 538, 2, 0, 5, 0, 210805, 209.735, -1836.14, 3.74018, 38.0889, 0, 6, 0, 0, 164, 237, 348, 140, 40, 9, 13, 5, 20, 9, '1 1 1 1 1 1 0', 89, '3 3 3 3 0 0 0', 143, '3 3 3 3 3 0 0', -1, '0 0 0 0 0 0 0', 200, '3 3 3 0 0 0 0', 210, -1, -1, -1),
(7, 'GENDOS', 'Dimak', 0, 852, 2, 0, 2, 0, 200860, 262.323, -1828.24, 3.82669, 202.27, 0, 167, 0, 0, 15, 31, 466, 125, 35, 9, 8, 3, 20, 22, '1 1 1 0 0 0 0', 95, '3 3 3 3 0 0 0', 149, '3 3 3 3 3 0 0', 191, '3 3 0 0 0 0 0', -1, '0 0 0 0 0 0 0', -1, -1, -1, -1),
(8, 'Ilushniy', 'Dimak', 0, 402, 1, 0, 5, 0, 107722, 209.605, -1838.46, 3.67339, 106.679, 0, 6, 0, 0, 133, 192, 446, 60, 41, 15, 18, 8, 20, 16, '1 1 1 0 0 0 0', 93, '3 3 3 0 0 0 0', 146, '3 3 0 0 0 0 0', 192, '3 0 0 0 0 0 0', 201, '3 3 0 0 0 0 0', 210, 213, -1, -1),
(9, 'Lusi', 'Dimak', 1, 514, 1, 0, 2, 0, 39885, -2165.35, 642.023, 1052.38, 96.8933, 1, 13, 0, 12, 37, 46, 247, 55, 20, 7, 14, 7, 20, 7, '1 1 1 1 0 0 0', 83, '3 3 3 0 0 0 0', 138, '3 3 3 0 0 0 0', -1, '0 0 0 0 0 0 0', -1, '0 0 0 0 0 0 0', -1, -1, -1, -1),
(10, 'Sheep', 'Dimak', 1, 1158, 3, 2, 2, 0, 135044, 225.029, -1841.83, 3.5042, 169.033, 0, 219, 57, 20, 21, 46, 850, 135, 58, 11, 5, 1, 20, 25, '1 1 1 1 1 0 0', 101, '3 3 3 3 3 0 0', 155, '3 3 3 3 3 0 0', -1, '0 0 0 0 0 0 0', 201, '4 4 0 0 0 0 0', -1, -1, -1, -1),
(11, 'Kit', 'Vovak', 0, 1410, 3, 5, 2, 0, 447652, 231.098, -1847.81, 3.32885, 341.682, 0, 167, 147, 16, 44, 97, 714, 120, 93, 11, 2, 3, 20, 31, '1 1 1 1 1 0 0', 96, '3 3 3 3 0 0 0', 140, '3 3 3 3 3 0 0', 191, '4 4 0 0 0 0 0', 201, '4 4 4 0 0 0 0', 215, 214, 222, -1),
(12, 'C_S_V', 'Vovak', 0, 862, 2, 0, 2, 0, 336305, 225.937, -1841.57, 3.5068, 196.221, 0, 6, 0, 0, 18, 36, 323, 100, 30, 12, 7, 6, 20, 18, '1 1 1 1 0 0 0', 93, '3 3 3 0 0 0 0', 143, '3 3 3 3 3 0 0', -1, '0 0 0 0 0 0 0', -1, '0 0 0 0 0 0 0', 209, -1, -1, -1),
(13, 'Pepe', 'Vovak', 0, 1311, 4, 3, 2, 0, 382858, 225.433, -1841.45, 3.51239, 295.941, 0, 310, 0, 0, 30, 63, 1098, 20, 55, 13, 3, 2, 20, 26, '1 1 1 1 0 0 0', 106, '2 2 2 2 2 0 0', 156, '2 2 2 2 0 0 0', -1, '0 0 0 0 0 0 0', -1, '0 0 0 0 0 0 0', 212, -1, -1, -1),
(14, 'Vovak', 'Vovak', 0, 656, 2, 0, 2, 0, 281810, 254.585, -1840.18, 3.46647, 130.579, 0, 6, 0, 0, 136, 196, 276, 115, 30, 9, 11, 8, 20, 10, '1 1 1 1 0 0 0', 88, '3 3 3 3 3 0 0', 144, '3 3 3 3 0 0 0', -1, '0 0 0 0 0 0 0', -1, '0 0 0 0 0 0 0', -1, -1, -1, -1),
(15, 'RussianVodka', 'Vovak', 0, 452, 1, 0, 2, 0, 154784, -2167.26, 643.455, 1052.38, 167.645, 1, 22, 4, 6, 37, 46, 165, 125, 20, 7, 15, 10, 20, 2, '1 1 1 1 0 0 0', 82, '3 3 3 3 3 0 0', 138, '3 3 3 3 3 0 0', -1, '0 0 0 0 0 0 0', -1, '0 0 0 0 0 0 0', -1, -1, -1, -1),
(16, 'KnuckleDuster', 'Vovak', 0, 1271, 3, 4, 2, 0, 412148, 215.891, -1842, 3.53978, 60.3929, 0, 6, 0, 0, 22, 45, 240, 120, 40, 11, 4, 4, 20, 18, '1 1 1 1 0 0 0', 88, '3 3 3 3 3 0 0', 137, '3 3 3 3 0 0 0', -1, '0 0 0 0 0 0 0', -1, '0 0 0 0 0 0 0', -1, -1, -1, -1),
(17, 'Heisenberg', 'Vovak', 0, 434, 1, 0, 2, 0, 177425, -2166.26, 645.337, 1052.38, 22.3194, 1, 6, 0, 0, 136, 196, 240, 110, 20, 12, 17, 9, 20, 16, '1 1 1 1 0 0 0', 88, '3 3 3 3 0 0 0', 137, '3 3 3 3 3 0 0', -1, '0 0 0 0 0 0 0', -1, '0 0 0 0 0 0 0', -1, -1, -1, -1),
(18, 'Gin', 'Vovak', 0, 809, 2, 0, 2, 0, 135953, -2166.26, 645.436, 1052.38, 0.887131, 1, 6, 4, 6, 15, 30, 368, 80, 30, 12, 9, 7, 20, 23, '1 1 1 0 0 0 0', 93, '3 3 3 3 0 0 0', 141, '3 3 3 0 0 0 0', -1, '0 0 0 0 0 0 0', -1, '0 0 0 0 0 0 0', -1, -1, -1, -1),
(19, 'Nupasik', 'Vovak', 1, 962, 2, 0, 2, 0, 158709, 228.54, -1843.65, 3.44885, 73.4262, 0, 13, 0, 0, 17, 34, 270, 100, 30, 9, 6, 5, 20, 19, '1 1 1 0 0 0 0', 84, '3 3 3 0 0 0 0', 144, '3 3 3 3 3 0 0', -1, '0 0 0 0 0 0 0', -1, '0 0 0 0 0 0 0', 211, -1, -1, -1),
(20, 'YellowDuck', 'Vovak', 1, 1663, 5, 1, 2, 0, 608117, 224.983, -1842, 3.49992, 154.517, 0, 141, 0, 0, 72, 169, 1740, 25, 98, 15, 1, 1, 20, 34, '1 1 1 1 0 0 0', 114, '2 2 2 0 0 0 0', 161, '2 2 2 2 2 0 0', -1, '0 0 0 0 0 0 0', 201, '4 4 4 0 0 0 0', 214, -1, 222, -1),
(21, 'Vovak_Watcher', 'Vovak', 0, 100, 1, 0, 12, 1, 0, -2170.39, 645.673, 1057.59, 0, 1, 78, 0, 0, 13, 15, 5, 0, 5, 5, 20, 10, 20, 0, '0 0 0 0 0 0 0', 81, '0 0 0 0 0 0 0', 136, '0 0 0 0 0 0 0', -1, '0 0 0 0 0 0 0', -1, '0 0 0 0 0 0 0', -1, -1, -1, -1),
(22, 'Dimak_Watcher', 'Dimak', 0, 100, 1, 0, 12, 1, 0, -2170.39, 645.673, 1057.59, 0, 1, 78, 0, 0, 13, 15, 5, 0, 5, 5, 20, 10, 20, 0, '0 0 0 0 0 0 0', 81, '0 0 0 0 0 0 0', 136, '0 0 0 0 0 0 0', -1, '0 0 0 0 0 0 0', -1, '0 0 0 0 0 0 0', -1, -1, -1, -1);

-- --------------------------------------------------------

--
-- Структура таблицы `tournament`
--

CREATE TABLE `tournament` (
  `Number` int(11) NOT NULL,
  `Phase` int(11) NOT NULL,
  `Tour` int(11) NOT NULL,
  `Participants` varchar(255) NOT NULL
) ENGINE=InnoDB DEFAULT CHARSET=cp1251;

--
-- Дамп данных таблицы `tournament`
--

INSERT INTO `tournament` (`Number`, `Phase`, `Tour`, `Participants`) VALUES
(13, 0, 1, '1 2 3 4 5 6 7 8 9 10 11 12 13 14 15 16 17 18 19 20');

-- --------------------------------------------------------

--
-- Структура таблицы `tournament_tab`
--

CREATE TABLE `tournament_tab` (
  `ID` int(11) NOT NULL DEFAULT '-1',
  `Name` varchar(255) NOT NULL,
  `Score` int(11) NOT NULL DEFAULT '0',
  `RateDiff` int(11) NOT NULL DEFAULT '0',
  `Kills` int(11) NOT NULL DEFAULT '0',
  `Deaths` int(11) NOT NULL DEFAULT '0',
  `Owner` varchar(255) NOT NULL
) ENGINE=InnoDB DEFAULT CHARSET=cp1251;

--
-- Дамп данных таблицы `tournament_tab`
--

INSERT INTO `tournament_tab` (`ID`, `Name`, `Score`, `RateDiff`, `Kills`, `Deaths`, `Owner`) VALUES
(11, 'Kit', 911, 50, 12, 0, 'Vovak'),
(16, 'KnuckleDuster', 619, 35, 5, 3, 'Vovak'),
(7, 'GENDOS', 311, 20, 2, 8, 'Dimak'),
(1, 'ShazokVsemog', 284, 0, 1, 9, 'Dimak');

-- --------------------------------------------------------

--
-- Структура таблицы `walkers`
--

CREATE TABLE `walkers` (
  `Rank` int(11) NOT NULL DEFAULT '1',
  `Skin` int(11) NOT NULL DEFAULT '1',
  `Name` varchar(255) NOT NULL,
  `MaxHP` int(11) NOT NULL DEFAULT '1000',
  `DamageMin` int(11) NOT NULL,
  `DamageMax` int(11) NOT NULL,
  `Defense` int(11) NOT NULL,
  `Accuracy` int(11) NOT NULL,
  `Crit` int(11) NOT NULL,
  `Dodge` int(11) NOT NULL,
  `WeaponID` int(11) NOT NULL
) ENGINE=InnoDB DEFAULT CHARSET=cp1251;

--
-- Дамп данных таблицы `walkers`
--

INSERT INTO `walkers` (`Rank`, `Skin`, `Name`, `MaxHP`, `DamageMin`, `DamageMax`, `Defense`, `Accuracy`, `Crit`, `Dodge`, `WeaponID`) VALUES
(1, 79, 'Бичара', 1000, 15, 19, 40, 10, 5, 0, 22),
(2, 252, 'Гей', 1500, 22, 28, 160, 25, 10, 15, 22),
(3, 107, 'Гопарь', 2000, 57, 96, 300, 35, 15, 20, 24),
(4, 280, 'Мент', 2500, 69, 114, 750, 45, 20, 25, 24),
(5, 264, 'Клоун', 2500, 12, 16, 1000, 50, 25, 30, 28),
(6, 289, 'Пролетарий', 3000, 17, 24, 1200, 50, 30, 30, 32),
(7, 295, 'ВСДДшник', 4000, 52, 74, 1700, 60, 35, 40, 31),
(8, 223, 'Авторитет', 5000, 126, 167, 2400, 90, 40, 60, 27),
(9, 249, 'Местный буржуй', 6500, 224, 371, 3600, 120, 50, 75, 26);

-- --------------------------------------------------------

--
-- Структура таблицы `weapon_seller`
--

CREATE TABLE `weapon_seller` (
  `ID` int(11) NOT NULL DEFAULT '-1',
  `ItemID` int(11) NOT NULL DEFAULT '-1'
) ENGINE=InnoDB DEFAULT CHARSET=cp1251;

--
-- Дамп данных таблицы `weapon_seller`
--

INSERT INTO `weapon_seller` (`ID`, `ItemID`) VALUES
(0, 1),
(1, 9),
(2, 17),
(3, 25),
(4, 33),
(5, 41),
(6, 49),
(7, 57),
(8, 65),
(9, 73);

--
-- Индексы сохранённых таблиц
--

--
-- Индексы таблицы `accounts`
--
ALTER TABLE `accounts`
  ADD UNIQUE KEY `login` (`login`);

--
-- Индексы таблицы `armor_seller`
--
ALTER TABLE `armor_seller`
  ADD UNIQUE KEY `ID` (`ID`);

--
-- Индексы таблицы `bosses`
--
ALTER TABLE `bosses`
  ADD UNIQUE KEY `ID` (`ID`);

--
-- Индексы таблицы `combinations`
--
ALTER TABLE `combinations`
  ADD UNIQUE KEY `ID` (`ID`);

--
-- Индексы таблицы `hierarchy`
--
ALTER TABLE `hierarchy`
  ADD UNIQUE KEY `LeaderName` (`LeaderName`);

--
-- Индексы таблицы `items`
--
ALTER TABLE `items`
  ADD UNIQUE KEY `ID` (`ID`);

--
-- Индексы таблицы `materials_seller`
--
ALTER TABLE `materials_seller`
  ADD UNIQUE KEY `ID` (`ID`);

--
-- Индексы таблицы `pendings`
--
ALTER TABLE `pendings`
  ADD UNIQUE KEY `PendingID` (`PendingID`);

--
-- Индексы таблицы `players`
--
ALTER TABLE `players`
  ADD UNIQUE KEY `ID` (`ID`);

--
-- Индексы таблицы `tournament`
--
ALTER TABLE `tournament`
  ADD UNIQUE KEY `Number` (`Number`);

--
-- Индексы таблицы `walkers`
--
ALTER TABLE `walkers`
  ADD UNIQUE KEY `Rank` (`Rank`);

/*!40101 SET CHARACTER_SET_CLIENT=@OLD_CHARACTER_SET_CLIENT */;
/*!40101 SET CHARACTER_SET_RESULTS=@OLD_CHARACTER_SET_RESULTS */;
/*!40101 SET COLLATION_CONNECTION=@OLD_COLLATION_CONNECTION */;
